#include <Arduino.h>
#include <Adafruit_GFX.h>

const uint8_t AtkinsonHyperlegible_Bold42pt7bBitmaps[] PROGMEM = {
  0x00, 0xFF, 0xFF, 0xFF, 0xFF, 0xFF, 0xFF, 0xFF, 0xFF, 0xFF, 0xFF, 0xFF,
  0xFF, 0xFF, 0xFF, 0xFF, 0xFF, 0xFF, 0xFF, 0xFF, 0xFF, 0xFF, 0xFF, 0xFF,
  0xFF, 0xFF, 0xFF, 0xFF, 0xFF, 0xFF, 0xFF, 0xFF, 0xFE, 0xFF, 0xFE, 0xFF,
  0xFE, 0xFF, 0xFE, 0xFF, 0xFE, 0x7F, 0xFE, 0x7F, 0xFC, 0x7F, 0xFC, 0x7F,
  0xFC, 0x7F, 0xFC, 0x7F, 0xFC, 0x3F, 0xFC, 0x3F, 0xF8, 0x3F, 0xF8, 0x3F,
  0xF8, 0x3F, 0xF8, 0x3F, 0xF8, 0x1F, 0xF8, 0x1F, 0xF0, 0x1F, 0xF0, 0x00,
  0x00, 0x00, 0x00, 0x00, 0x00, 0x00, 0x00, 0x00, 0x00, 0x07, 0xE0, 0x1F,
  0xF0, 0x3F, 0xF8, 0x7F, 0xFC, 0xFF, 0xFE, 0xFF, 0xFE, 0xFF, 0xFE, 0xFF,
  0xFF, 0xFF, 0xFF, 0xFF, 0xFE, 0xFF, 0xFE, 0xFF, 0xFE, 0x7F, 0xFC, 0x3F,
  0xF8, 0x1F, 0xF0, 0x07, 0xE0, 0xFF, 0xF0, 0xFF, 0xFF, 0xFE, 0x1F, 0xFF,
  0xFF, 0xC3, 0xFF, 0xFF, 0xF8, 0x7F, 0xF7, 0xFF, 0x0F, 0xFE, 0xFF, 0xE1,
  0xFF, 0xDF, 0xFC, 0x3F, 0xFB, 0xFF, 0x07, 0xFF, 0x7F, 0xE0, 0xFF, 0xEF,
  0xFC, 0x1F, 0xFD, 0xFF, 0x83, 0xFF, 0xBF, 0xF0, 0x7F, 0xF7, 0xFE, 0x07,
  0xFE, 0xFF, 0xC0, 0xFF, 0xDF, 0xF8, 0x1F, 0xF3, 0xFF, 0x03, 0xFE, 0x7F,
  0xE0, 0x7F, 0xCF, 0xFC, 0x0F, 0xF9, 0xFF, 0x81, 0xFF, 0x00, 0x00, 0x00,
  0x7F, 0xF0, 0x00, 0xFF, 0xE0, 0x00, 0x00, 0x07, 0xFF, 0x00, 0x1F, 0xFE,
  0x00, 0x00, 0x00, 0x7F, 0xF0, 0x01, 0xFF, 0xE0, 0x00, 0x00, 0x0F, 0xFF,
  0x00, 0x1F, 0xFE, 0x00, 0x00, 0x00, 0xFF, 0xF0, 0x01, 0xFF, 0xE0, 0x00,
  0x00, 0x0F, 0xFF, 0x00, 0x1F, 0xFC, 0x00, 0x00, 0x00, 0xFF, 0xE0, 0x01,
  0xFF, 0xC0, 0x00, 0x00, 0x0F, 0xFE, 0x00, 0x3F, 0xFC, 0x00, 0x00, 0x00,
  0xFF, 0xE0, 0x03, 0xFF, 0xC0, 0x00, 0x00, 0x1F, 0xFE, 0x00, 0x3F, 0xFC,
  0x00, 0x07, 0xFF, 0xFF, 0xFF, 0xFF, 0xFF, 0xFF, 0xF0, 0x7F, 0xFF, 0xFF,
  0xFF, 0xFF, 0xFF, 0xFF, 0x07, 0xFF, 0xFF, 0xFF, 0xFF, 0xFF, 0xFF, 0xF0,
  0xFF, 0xFF, 0xFF, 0xFF, 0xFF, 0xFF, 0xFF, 0x0F, 0xFF, 0xFF, 0xFF, 0xFF,
  0xFF, 0xFF, 0xF0, 0xFF, 0xFF, 0xFF, 0xFF, 0xFF, 0xFF, 0xFE, 0x0F, 0xFF,
  0xFF, 0xFF, 0xFF, 0xFF, 0xFF, 0xE0, 0xFF, 0xFF, 0xFF, 0xFF, 0xFF, 0xFF,
  0xFE, 0x0F, 0xFF, 0xFF, 0xFF, 0xFF, 0xFF, 0xFF, 0xE0, 0xFF, 0xFF, 0xFF,
  0xFF, 0xFF, 0xFF, 0xFE, 0x1F, 0xFF, 0xFF, 0xFF, 0xFF, 0xFF, 0xFF, 0xE1,
  0xFF, 0xFF, 0xFF, 0xFF, 0xFF, 0xFF, 0xFE, 0x00, 0x03, 0xFF, 0x80, 0x0F,
  0xFF, 0x00, 0x00, 0x00, 0x3F, 0xF8, 0x00, 0xFF, 0xF0, 0x00, 0x00, 0x07,
  0xFF, 0x80, 0x0F, 0xFF, 0x00, 0x00, 0x00, 0x7F, 0xF8, 0x00, 0xFF, 0xF0,
  0x00, 0x00, 0x07, 0xFF, 0x80, 0x0F, 0xFE, 0x00, 0x00, 0x00, 0x7F, 0xF0,
  0x00, 0xFF, 0xE0, 0x00, 0x00, 0x07, 0xFF, 0x00, 0x0F, 0xFE, 0x00, 0x00,
  0x00, 0x7F, 0xF0, 0x01, 0xFF, 0xE0, 0x00, 0x00, 0x0F, 0xFF, 0x00, 0x1F,
  0xFE, 0x00, 0x00, 0x00, 0xFF, 0xF0, 0x01, 0xFF, 0xE0, 0x00, 0x00, 0x0F,
  0xFF, 0x00, 0x1F, 0xFE, 0x00, 0x03, 0xFF, 0xFF, 0xFF, 0xFF, 0xFF, 0xFF,
  0xF8, 0x7F, 0xFF, 0xFF, 0xFF, 0xFF, 0xFF, 0xFF, 0x87, 0xFF, 0xFF, 0xFF,
  0xFF, 0xFF, 0xFF, 0xF8, 0x7F, 0xFF, 0xFF, 0xFF, 0xFF, 0xFF, 0xFF, 0x07,
  0xFF, 0xFF, 0xFF, 0xFF, 0xFF, 0xFF, 0xF0, 0x7F, 0xFF, 0xFF, 0xFF, 0xFF,
  0xFF, 0xFF, 0x07, 0xFF, 0xFF, 0xFF, 0xFF, 0xFF, 0xFF, 0xF0, 0xFF, 0xFF,
  0xFF, 0xFF, 0xFF, 0xFF, 0xFF, 0x0F, 0xFF, 0xFF, 0xFF, 0xFF, 0xFF, 0xFF,
  0xF0, 0xFF, 0xFF, 0xFF, 0xFF, 0xFF, 0xFF, 0xFF, 0x0F, 0xFF, 0xFF, 0xFF,
  0xFF, 0xFF, 0xFF, 0xE0, 0x00, 0x3F, 0xFC, 0x00, 0x7F, 0xF8, 0x00, 0x00,
  0x03, 0xFF, 0xC0, 0x07, 0xFF, 0x80, 0x00, 0x00, 0x3F, 0xFC, 0x00, 0x7F,
  0xF0, 0x00, 0x00, 0x03, 0xFF, 0xC0, 0x07, 0xFF, 0x00, 0x00, 0x00, 0x3F,
  0xF8, 0x00, 0x7F, 0xF0, 0x00, 0x00, 0x03, 0xFF, 0x80, 0x0F, 0xFF, 0x00,
  0x00, 0x00, 0x3F, 0xF8, 0x00, 0xFF, 0xF0, 0x00, 0x00, 0x07, 0xFF, 0x80,
  0x0F, 0xFF, 0x00, 0x00, 0x00, 0x7F, 0xF8, 0x00, 0xFF, 0xF0, 0x00, 0x00,
  0x07, 0xFF, 0x80, 0x0F, 0xFE, 0x00, 0x00, 0x00, 0x7F, 0xF8, 0x00, 0xFF,
  0xE0, 0x00, 0x00, 0x00, 0x00, 0x0F, 0xC0, 0x00, 0x00, 0x00, 0x00, 0x1F,
  0x80, 0x00, 0x00, 0x00, 0x00, 0x3F, 0x00, 0x00, 0x00, 0x00, 0x00, 0x7E,
  0x00, 0x00, 0x00, 0x00, 0x00, 0xFC, 0x00, 0x00, 0x00, 0x00, 0x01, 0xF8,
  0x00, 0x00, 0x00, 0x00, 0x1F, 0xFF, 0x00, 0x00, 0x00, 0x03, 0xFF, 0xFF,
  0xC0, 0x00, 0x00, 0x1F, 0xFF, 0xFF, 0xF0, 0x00, 0x00, 0xFF, 0xFF, 0xFF,
  0xF8, 0x00, 0x07, 0xFF, 0xFF, 0xFF, 0xF8, 0x00, 0x1F, 0xFF, 0xFF, 0xFF,
  0xF8, 0x00, 0x7F, 0xFF, 0xFF, 0xFF, 0xF8, 0x01, 0xFF, 0xFF, 0xFF, 0xFF,
  0xF8, 0x07, 0xFF, 0xFF, 0xFF, 0xFF, 0xF8, 0x1F, 0xFF, 0xFF, 0xFF, 0xFF,
  0xF0, 0x3F, 0xFF, 0xEF, 0xFF, 0xFF, 0xF0, 0xFF, 0xFE, 0x1F, 0x9F, 0xFF,
  0xF1, 0xFF, 0xF8, 0x3F, 0x0F, 0xFF, 0x83, 0xFF, 0xE0, 0x7E, 0x0F, 0xF8,
  0x0F, 0xFF, 0xC0, 0xFC, 0x0F, 0x80, 0x1F, 0xFF, 0x81, 0xF8, 0x18, 0x00,
  0x3F, 0xFF, 0x03, 0xF0, 0x00, 0x00, 0x7F, 0xFE, 0x07, 0xE0, 0x00, 0x00,
  0xFF, 0xFE, 0x0F, 0xC0, 0x00, 0x01, 0xFF, 0xFE, 0x1F, 0x80, 0x00, 0x01,
  0xFF, 0xFE, 0x3F, 0x00, 0x00, 0x03, 0xFF, 0xFF, 0xFE, 0x00, 0x00, 0x07,
  0xFF, 0xFF, 0xFC, 0x00, 0x00, 0x07, 0xFF, 0xFF, 0xFF, 0xC0, 0x00, 0x07,
  0xFF, 0xFF, 0xFF, 0xF8, 0x00, 0x0F, 0xFF, 0xFF, 0xFF, 0xFC, 0x00, 0x0F,
  0xFF, 0xFF, 0xFF, 0xFE, 0x00, 0x0F, 0xFF, 0xFF, 0xFF, 0xFF, 0x00, 0x07,
  0xFF, 0xFF, 0xFF, 0xFF, 0x00, 0x03, 0xFF, 0xFF, 0xFF, 0xFF, 0x00, 0x01,
  0xFF, 0xFF, 0xFF, 0xFF, 0x00, 0x00, 0x7F, 0xFF, 0xFF, 0xFF, 0x00, 0x00,
  0x0F, 0xFF, 0xFF, 0xFF, 0x00, 0x00, 0x07, 0xFF, 0xFF, 0xFE, 0x00, 0x00,
  0x0F, 0xDF, 0xFF, 0xFC, 0x00, 0x00, 0x1F, 0x87, 0xFF, 0xFC, 0x00, 0x00,
  0x3F, 0x07, 0xFF, 0xF8, 0x00, 0x00, 0x7E, 0x03, 0xFF, 0xF0, 0x00, 0x00,
  0xFC, 0x07, 0xFF, 0xE0, 0x0E, 0x01, 0xF8, 0x07, 0xFF, 0xC0, 0x7E, 0x03,
  0xF0, 0x0F, 0xFF, 0x87, 0xFC, 0x07, 0xE0, 0x3F, 0xFF, 0x7F, 0xFC, 0x0F,
  0xC0, 0x7F, 0xFD, 0xFF, 0xFC, 0x1F, 0x80, 0xFF, 0xF9, 0xFF, 0xFC, 0x3F,
  0x07, 0xFF, 0xF3, 0xFF, 0xFF, 0x7E, 0x3F, 0xFF, 0xC3, 0xFF, 0xFF, 0xFF,
  0xFF, 0xFF, 0x87, 0xFF, 0xFF, 0xFF, 0xFF, 0xFE, 0x07, 0xFF, 0xFF, 0xFF,
  0xFF, 0xF8, 0x07, 0xFF, 0xFF, 0xFF, 0xFF, 0xF0, 0x07, 0xFF, 0xFF, 0xFF,
  0xFF, 0xC0, 0x07, 0xFF, 0xFF, 0xFF, 0xFE, 0x00, 0x03, 0xFF, 0xFF, 0xFF,
  0xF8, 0x00, 0x03, 0xFF, 0xFF, 0xFF, 0xC0, 0x00, 0x01, 0xFF, 0xFF, 0xFE,
  0x00, 0x00, 0x00, 0x7F, 0xFF, 0xE0, 0x00, 0x00, 0x00, 0x07, 0xFC, 0x00,
  0x00, 0x00, 0x00, 0x07, 0xE0, 0x00, 0x00, 0x00, 0x00, 0x0F, 0xC0, 0x00,
  0x00, 0x00, 0x00, 0x1F, 0x80, 0x00, 0x00, 0x00, 0x00, 0x3F, 0x00, 0x00,
  0x00, 0x00, 0x00, 0x7E, 0x00, 0x00, 0x00, 0x00, 0x00, 0xFC, 0x00, 0x00,
  0x00, 0x00, 0x0F, 0xF0, 0x00, 0x00, 0x00, 0x00, 0x00, 0x00, 0x00, 0x07,
  0xFF, 0xE0, 0x00, 0x00, 0x00, 0xFF, 0xC0, 0x00, 0x00, 0xFF, 0xFF, 0x80,
  0x00, 0x00, 0x1F, 0xF8, 0x00, 0x00, 0x3F, 0xFF, 0xFC, 0x00, 0x00, 0x03,
  0xFF, 0x80, 0x00, 0x07, 0xFF, 0xFF, 0xE0, 0x00, 0x00, 0x3F, 0xF0, 0x00,
  0x00, 0xFF, 0xFF, 0xFF, 0x00, 0x00, 0x07, 0xFE, 0x00, 0x00, 0x1F, 0xFF,
  0xFF, 0xF8, 0x00, 0x00, 0xFF, 0xE0, 0x00, 0x01, 0xFF, 0xFF, 0xFF, 0xC0,
  0x00, 0x1F, 0xFC, 0x00, 0x00, 0x3F, 0xFF, 0xFF, 0xFC, 0x00, 0x01, 0xFF,
  0x80, 0x00, 0x07, 0xFF, 0xFF, 0xFF, 0xE0, 0x00, 0x3F, 0xF8, 0x00, 0x00,
  0x7F, 0xF8, 0x1F, 0xFE, 0x00, 0x07, 0xFF, 0x00, 0x00, 0x07, 0xFF, 0x00,
  0x7F, 0xF0, 0x00, 0x7F, 0xE0, 0x00, 0x00, 0xFF, 0xE0, 0x07, 0xFF, 0x00,
  0x0F, 0xFC, 0x00, 0x00, 0x0F, 0xFC, 0x00, 0x3F, 0xF0, 0x01, 0xFF, 0xC0,
  0x00, 0x00, 0xFF, 0xC0, 0x03, 0xFF, 0x00, 0x1F, 0xF8, 0x00, 0x00, 0x0F,
  0xFC, 0x00, 0x1F, 0xF0, 0x03, 0xFF, 0x00, 0x00, 0x00, 0xFF, 0xC0, 0x01,
  0xFF, 0x00, 0x7F, 0xF0, 0x00, 0x00, 0x0F, 0xFC, 0x00, 0x3F, 0xF0, 0x07,
  0xFE, 0x00, 0x00, 0x00, 0xFF, 0xC0, 0x03, 0xFF, 0x00, 0xFF, 0xC0, 0x00,
  0x00, 0x0F, 0xFC, 0x00, 0x3F, 0xF0, 0x1F, 0xFC, 0x00, 0x00, 0x00, 0xFF,
  0xE0, 0x07, 0xFF, 0x03, 0xFF, 0x80, 0x00, 0x00, 0x07, 0xFF, 0x00, 0xFF,
  0xE0, 0x3F, 0xF0, 0x00, 0x00, 0x00, 0x7F, 0xFC, 0x1F, 0xFE, 0x07, 0xFE,
  0x00, 0x00, 0x00, 0x03, 0xFF, 0xFF, 0xFF, 0xE0, 0xFF, 0xE0, 0x00, 0x00,
  0x00, 0x3F, 0xFF, 0xFF, 0xFC, 0x0F, 0xFC, 0x00, 0x7E, 0x00, 0x01, 0xFF,
  0xFF, 0xFF, 0xC1, 0xFF, 0x80, 0x3F, 0xFC, 0x00, 0x1F, 0xFF, 0xFF, 0xF8,
  0x3F, 0xF8, 0x0F, 0xFF, 0xF0, 0x00, 0xFF, 0xFF, 0xFF, 0x03, 0xFF, 0x03,
  0xFF, 0xFF, 0xC0, 0x07, 0xFF, 0xFF, 0xE0, 0x7F, 0xE0, 0x7F, 0xFF, 0xFE,
  0x00, 0x3F, 0xFF, 0xFC, 0x0F, 0xFE, 0x0F, 0xFF, 0xFF, 0xF0, 0x00, 0xFF,
  0xFF, 0x01, 0xFF, 0xC1, 0xFF, 0xFF, 0xFF, 0x80, 0x03, 0xFF, 0xC0, 0x1F,
  0xF8, 0x1F, 0xFF, 0xFF, 0xF8, 0x00, 0x07, 0xE0, 0x03, 0xFF, 0x03, 0xFF,
  0xFF, 0xFF, 0xC0, 0x00, 0x00, 0x00, 0x7F, 0xF0, 0x7F, 0xFF, 0xFF, 0xFE,
  0x00, 0x00, 0x00, 0x07, 0xFE, 0x07, 0xFF, 0x83, 0xFF, 0xE0, 0x00, 0x00,
  0x00, 0xFF, 0xC0, 0x7F, 0xF0, 0x0F, 0xFE, 0x00, 0x00, 0x00, 0x1F, 0xFC,
  0x0F, 0xFE, 0x00, 0x7F, 0xF0, 0x00, 0x00, 0x01, 0xFF, 0x80, 0xFF, 0xC0,
  0x03, 0xFF, 0x00, 0x00, 0x00, 0x3F, 0xF0, 0x0F, 0xFC, 0x00, 0x3F, 0xF0,
  0x00, 0x00, 0x07, 0xFF, 0x00, 0xFF, 0xC0, 0x03, 0xFF, 0x00, 0x00, 0x00,
  0x7F, 0xE0, 0x0F, 0xFC, 0x00, 0x3F, 0xF0, 0x00, 0x00, 0x0F, 0xFC, 0x00,
  0xFF, 0xC0, 0x03, 0xFF, 0x00, 0x00, 0x01, 0xFF, 0xC0, 0x0F, 0xFC, 0x00,
  0x3F, 0xF0, 0x00, 0x00, 0x3F, 0xF8, 0x00, 0xFF, 0xC0, 0x03, 0xFF, 0x00,
  0x00, 0x03, 0xFF, 0x00, 0x0F, 0xFE, 0x00, 0x7F, 0xF0, 0x00, 0x00, 0x7F,
  0xE0, 0x00, 0x7F, 0xF0, 0x0F, 0xFE, 0x00, 0x00, 0x0F, 0xFE, 0x00, 0x07,
  0xFF, 0x81, 0xFF, 0xE0, 0x00, 0x00, 0xFF, 0xC0, 0x00, 0x7F, 0xFF, 0xFF,
  0xFE, 0x00, 0x00, 0x1F, 0xF8, 0x00, 0x03, 0xFF, 0xFF, 0xFF, 0xC0, 0x00,
  0x03, 0xFF, 0x80, 0x00, 0x3F, 0xFF, 0xFF, 0xF8, 0x00, 0x00, 0x3F, 0xF0,
  0x00, 0x01, 0xFF, 0xFF, 0xFF, 0x80, 0x00, 0x07, 0xFE, 0x00, 0x00, 0x0F,
  0xFF, 0xFF, 0xF0, 0x00, 0x00, 0xFF, 0xE0, 0x00, 0x00, 0x7F, 0xFF, 0xFE,
  0x00, 0x00, 0x1F, 0xFC, 0x00, 0x00, 0x03, 0xFF, 0xFF, 0xC0, 0x00, 0x01,
  0xFF, 0x80, 0x00, 0x00, 0x1F, 0xFF, 0xF8, 0x00, 0x00, 0x3F, 0xF0, 0x00,
  0x00, 0x00, 0x7F, 0xFE, 0x00, 0x00, 0x00, 0x00, 0x00, 0x00, 0x00, 0x00,
  0xFF, 0x00, 0x00, 0x00, 0x00, 0x0F, 0xF8, 0x00, 0x00, 0x00, 0x00, 0x00,
  0xFF, 0xFE, 0x00, 0x00, 0x00, 0x00, 0x07, 0xFF, 0xFF, 0x00, 0x00, 0x00,
  0x00, 0x3F, 0xFF, 0xFF, 0x00, 0x00, 0x00, 0x00, 0xFF, 0xFF, 0xFF, 0x00,
  0x00, 0x00, 0x03, 0xFF, 0xFF, 0xFF, 0x00, 0x00, 0x00, 0x0F, 0xFF, 0xFF,
  0xFF, 0x00, 0x00, 0x00, 0x1F, 0xFF, 0xFF, 0xFF, 0x00, 0x00, 0x00, 0x7F,
  0xFF, 0xFF, 0xFE, 0x00, 0x00, 0x00, 0xFF, 0xFF, 0xFF, 0xFE, 0x00, 0x00,
  0x03, 0xFF, 0xE0, 0x3F, 0xFC, 0x00, 0x00, 0x07, 0xFF, 0x80, 0x3F, 0xF8,
  0x00, 0x00, 0x0F, 0xFF, 0x00, 0x3F, 0xF8, 0x00, 0x00, 0x1F, 0xFC, 0x00,
  0x7F, 0xF0, 0x00, 0x00, 0x3F, 0xF8, 0x00, 0xFF, 0xE0, 0x00, 0x00, 0x7F,
  0xF0, 0x01, 0xFF, 0xC0, 0x00, 0x00, 0xFF, 0xF0, 0x03, 0xFF, 0x80, 0x00,
  0x01, 0xFF, 0xE0, 0x07, 0xFE, 0x00, 0x00, 0x01, 0xFF, 0xE0, 0x1F, 0xFC,
  0x00, 0x00, 0x03, 0xFF, 0xE0, 0x7F, 0xF8, 0x00, 0x00, 0x07, 0xFF, 0xC1,
  0xFF, 0xE0, 0x00, 0x00, 0x07, 0xFF, 0xC7, 0xFF, 0xC0, 0x00, 0x00, 0x0F,
  0xFF, 0xFF, 0xFF, 0x00, 0x00, 0x00, 0x0F, 0xFF, 0xFF, 0xFC, 0x00, 0x00,
  0x00, 0x1F, 0xFF, 0xFF, 0xF0, 0x00, 0x00, 0x00, 0x1F, 0xFF, 0xFF, 0xC0,
  0x00, 0x00, 0x00, 0x1F, 0xFF, 0xFF, 0x00, 0x7F, 0xE0, 0x00, 0xFF, 0xFF,
  0xFC, 0x01, 0xFF, 0xC0, 0x07, 0xFF, 0xFF, 0xE0, 0x03, 0xFF, 0x80, 0x3F,
  0xFF, 0xFF, 0xC0, 0x07, 0xFE, 0x00, 0xFF, 0xFF, 0xFF, 0x80, 0x0F, 0xFC,
  0x03, 0xFF, 0xFF, 0xFF, 0x80, 0x3F, 0xF8, 0x0F, 0xFF, 0xFF, 0xFF, 0x80,
  0x7F, 0xF0, 0x3F, 0xFF, 0xFF, 0xFF, 0x81, 0xFF, 0xC0, 0xFF, 0xFF, 0xFF,
  0xFF, 0x83, 0xFF, 0x81, 0xFF, 0xFC, 0x3F, 0xFF, 0x87, 0xFF, 0x07, 0xFF,
  0xF0, 0x3F, 0xFF, 0x9F, 0xFC, 0x0F, 0xFF, 0xC0, 0x7F, 0xFF, 0x3F, 0xF8,
  0x1F, 0xFF, 0x00, 0x7F, 0xFF, 0xFF, 0xF0, 0x7F, 0xFE, 0x00, 0x7F, 0xFF,
  0xFF, 0xC0, 0xFF, 0xF8, 0x00, 0x7F, 0xFF, 0xFF, 0x81, 0xFF, 0xF0, 0x00,
  0x7F, 0xFF, 0xFE, 0x03, 0xFF, 0xE0, 0x00, 0x7F, 0xFF, 0xFC, 0x07, 0xFF,
  0xC0, 0x00, 0x7F, 0xFF, 0xF0, 0x0F, 0xFF, 0x80, 0x00, 0xFF, 0xFF, 0xC0,
  0x1F, 0xFF, 0x80, 0x00, 0xFF, 0xFF, 0x80, 0x1F, 0xFF, 0x80, 0x00, 0xFF,
  0xFE, 0x00, 0x3F, 0xFF, 0x80, 0x07, 0xFF, 0xFE, 0x00, 0x7F, 0xFF, 0x80,
  0x3F, 0xFF, 0xFE, 0x00, 0x7F, 0xFF, 0xFF, 0xFF, 0xFF, 0xFE, 0x00, 0x7F,
  0xFF, 0xFF, 0xFF, 0xFF, 0xFE, 0x00, 0xFF, 0xFF, 0xFF, 0xFF, 0xFF, 0xFC,
  0x00, 0xFF, 0xFF, 0xFF, 0xFF, 0xFF, 0xFC, 0x00, 0xFF, 0xFF, 0xFF, 0xFF,
  0xFF, 0xFC, 0x00, 0xFF, 0xFF, 0xFF, 0xFC, 0xFF, 0xFC, 0x00, 0x7F, 0xFF,
  0xFF, 0xE1, 0xFF, 0xFC, 0x00, 0x7F, 0xFF, 0xFF, 0x01, 0xFF, 0xFC, 0x00,
  0x3F, 0xFF, 0xF0, 0x01, 0xFF, 0xFC, 0x00, 0x07, 0xFE, 0x00, 0x00, 0x00,
  0x00, 0xFF, 0xFF, 0xFF, 0xFF, 0xFF, 0xFF, 0x7F, 0xF7, 0xFF, 0x7F, 0xF7,
  0xFE, 0x7F, 0xE7, 0xFE, 0x7F, 0xE7, 0xFE, 0x7F, 0xE7, 0xFE, 0x7F, 0xE7,
  0xFE, 0x7F, 0xE7, 0xFE, 0x7F, 0xE0, 0x00, 0x7F, 0xF8, 0x00, 0xFF, 0xF0,
  0x01, 0xFF, 0xE0, 0x01, 0xFF, 0xE0, 0x03, 0xFF, 0xC0, 0x03, 0xFF, 0x80,
  0x07, 0xFF, 0x80, 0x07, 0xFF, 0x80, 0x07, 0xFF, 0x00, 0x0F, 0xFF, 0x00,
  0x0F, 0xFE, 0x00, 0x1F, 0xFE, 0x00, 0x1F, 0xFE, 0x00, 0x1F, 0xFC, 0x00,
  0x3F, 0xFC, 0x00, 0x3F, 0xFC, 0x00, 0x3F, 0xF8, 0x00, 0x3F, 0xF8, 0x00,
  0x7F, 0xF8, 0x00, 0x7F, 0xF8, 0x00, 0x7F, 0xF0, 0x00, 0x7F, 0xF0, 0x00,
  0x7F, 0xF0, 0x00, 0xFF, 0xF0, 0x00, 0xFF, 0xF0, 0x00, 0xFF, 0xF0, 0x00,
  0xFF, 0xF0, 0x00, 0xFF, 0xF0, 0x00, 0xFF, 0xF0, 0x00, 0xFF, 0xE0, 0x00,
  0xFF, 0xE0, 0x00, 0xFF, 0xE0, 0x00, 0xFF, 0xE0, 0x00, 0xFF, 0xE0, 0x00,
  0xFF, 0xE0, 0x00, 0xFF, 0xF0, 0x00, 0xFF, 0xF0, 0x00, 0xFF, 0xF0, 0x00,
  0xFF, 0xF0, 0x00, 0xFF, 0xF0, 0x00, 0xFF, 0xF0, 0x00, 0x7F, 0xF0, 0x00,
  0x7F, 0xF0, 0x00, 0x7F, 0xF8, 0x00, 0x7F, 0xF8, 0x00, 0x7F, 0xF8, 0x00,
  0x3F, 0xF8, 0x00, 0x3F, 0xFC, 0x00, 0x3F, 0xFC, 0x00, 0x3F, 0xFC, 0x00,
  0x1F, 0xFE, 0x00, 0x1F, 0xFE, 0x00, 0x0F, 0xFF, 0x00, 0x0F, 0xFF, 0x00,
  0x0F, 0xFF, 0x00, 0x07, 0xFF, 0x80, 0x07, 0xFF, 0x80, 0x03, 0xFF, 0xC0,
  0x03, 0xFF, 0xC0, 0x01, 0xFF, 0xE0, 0x01, 0xFF, 0xE0, 0x00, 0xFF, 0xF0,
  0x00, 0xFF, 0xF8, 0x00, 0x7F, 0xF8, 0x00, 0x7F, 0xFC, 0x00, 0x3F, 0xFC,
  0x00, 0x1F, 0xFE, 0x00, 0x1F, 0xFF, 0x1F, 0xFE, 0x00, 0x0F, 0xFF, 0x00,
  0x07, 0xFF, 0x80, 0x07, 0xFF, 0x80, 0x03, 0xFF, 0xC0, 0x01, 0xFF, 0xC0,
  0x01, 0xFF, 0xE0, 0x01, 0xFF, 0xE0, 0x00, 0xFF, 0xE0, 0x00, 0xFF, 0xF0,
  0x00, 0x7F, 0xF0, 0x00, 0x7F, 0xF8, 0x00, 0x7F, 0xF8, 0x00, 0x3F, 0xF8,
  0x00, 0x3F, 0xFC, 0x00, 0x3F, 0xFC, 0x00, 0x1F, 0xFC, 0x00, 0x1F, 0xFC,
  0x00, 0x1F, 0xFE, 0x00, 0x1F, 0xFE, 0x00, 0x0F, 0xFE, 0x00, 0x0F, 0xFE,
  0x00, 0x0F, 0xFE, 0x00, 0x0F, 0xFF, 0x00, 0x0F, 0xFF, 0x00, 0x0F, 0xFF,
  0x00, 0x0F, 0xFF, 0x00, 0x0F, 0xFF, 0x00, 0x0F, 0xFF, 0x00, 0x0F, 0xFF,
  0x00, 0x07, 0xFF, 0x00, 0x07, 0xFF, 0x00, 0x07, 0xFF, 0x00, 0x07, 0xFF,
  0x00, 0x07, 0xFF, 0x00, 0x0F, 0xFF, 0x00, 0x0F, 0xFF, 0x00, 0x0F, 0xFF,
  0x00, 0x0F, 0xFF, 0x00, 0x0F, 0xFF, 0x00, 0x0F, 0xFF, 0x00, 0x0F, 0xFE,
  0x00, 0x0F, 0xFE, 0x00, 0x1F, 0xFE, 0x00, 0x1F, 0xFE, 0x00, 0x1F, 0xFE,
  0x00, 0x1F, 0xFC, 0x00, 0x3F, 0xFC, 0x00, 0x3F, 0xFC, 0x00, 0x3F, 0xFC,
  0x00, 0x7F, 0xF8, 0x00, 0x7F, 0xF8, 0x00, 0xFF, 0xF0, 0x00, 0xFF, 0xF0,
  0x00, 0xFF, 0xF0, 0x01, 0xFF, 0xE0, 0x01, 0xFF, 0xE0, 0x03, 0xFF, 0xC0,
  0x03, 0xFF, 0xC0, 0x07, 0xFF, 0x80, 0x07, 0xFF, 0x80, 0x0F, 0xFF, 0x00,
  0x1F, 0xFF, 0x00, 0x1F, 0xFE, 0x00, 0x3F, 0xFE, 0x00, 0x3F, 0xFC, 0x00,
  0x7F, 0xF8, 0x00, 0xFF, 0xF8, 0x00, 0x00, 0x3F, 0x80, 0x00, 0x07, 0xF0,
  0x00, 0x00, 0xFE, 0x00, 0x00, 0x1F, 0xC0, 0x00, 0x03, 0xF8, 0x00, 0x00,
  0x7F, 0x00, 0x0E, 0x0F, 0xE0, 0x61, 0xF9, 0xFC, 0x7E, 0x7F, 0xFF, 0xFF,
  0xCF, 0xFF, 0xFF, 0xF9, 0xFF, 0xFF, 0xFF, 0xFF, 0xFF, 0xFF, 0xFF, 0xFF,
  0xFF, 0xFE, 0x3F, 0xFF, 0xFF, 0x00, 0xFF, 0xFF, 0x00, 0x07, 0xFF, 0x80,
  0x01, 0xFF, 0xF8, 0x00, 0x7F, 0xFF, 0x00, 0x0F, 0xFF, 0xF0, 0x03, 0xFF,
  0xFF, 0x00, 0xFF, 0x9F, 0xE0, 0x3F, 0xE3, 0xFE, 0x03, 0xFC, 0x3F, 0xC0,
  0x3F, 0x03, 0xE0, 0x01, 0xC0, 0x78, 0x00, 0x10, 0x04, 0x00, 0x00, 0x00,
  0xFF, 0xE0, 0x00, 0x00, 0x00, 0x3F, 0xF8, 0x00, 0x00, 0x00, 0x0F, 0xFE,
  0x00, 0x00, 0x00, 0x03, 0xFF, 0x80, 0x00, 0x00, 0x00, 0xFF, 0xE0, 0x00,
  0x00, 0x00, 0x3F, 0xF8, 0x00, 0x00, 0x00, 0x0F, 0xFE, 0x00, 0x00, 0x00,
  0x03, 0xFF, 0x80, 0x00, 0x00, 0x00, 0xFF, 0xE0, 0x00, 0x00, 0x00, 0x3F,
  0xF8, 0x00, 0x00, 0x00, 0x0F, 0xFE, 0x00, 0x00, 0x00, 0x03, 0xFF, 0x80,
  0x00, 0x00, 0x00, 0xFF, 0xE0, 0x00, 0x00, 0x00, 0x3F, 0xF8, 0x00, 0x00,
  0x00, 0x0F, 0xFE, 0x00, 0x03, 0xFF, 0xFF, 0xFF, 0xFF, 0xFF, 0xFF, 0xFF,
  0xFF, 0xFF, 0xFF, 0xFF, 0xFF, 0xFF, 0xFF, 0xFF, 0xFF, 0xFF, 0xFF, 0xFF,
  0xFF, 0xFF, 0xFF, 0xFF, 0xFF, 0xFF, 0xFF, 0xFF, 0xFF, 0xFF, 0xFF, 0xFF,
  0xFF, 0xFF, 0xFF, 0xFF, 0xFF, 0xFF, 0xFF, 0xFF, 0xFF, 0xFF, 0xFF, 0xFF,
  0xFF, 0xFF, 0xFF, 0xFF, 0xFF, 0xFF, 0xFF, 0xFF, 0xFF, 0xFF, 0xFF, 0xFF,
  0xFF, 0xFF, 0xF0, 0x00, 0x0F, 0xFE, 0x00, 0x00, 0x00, 0x03, 0xFF, 0x80,
  0x00, 0x00, 0x00, 0xFF, 0xE0, 0x00, 0x00, 0x00, 0x3F, 0xF8, 0x00, 0x00,
  0x00, 0x0F, 0xFE, 0x00, 0x00, 0x00, 0x03, 0xFF, 0x80, 0x00, 0x00, 0x00,
  0xFF, 0xE0, 0x00, 0x00, 0x00, 0x3F, 0xF8, 0x00, 0x00, 0x00, 0x0F, 0xFE,
  0x00, 0x00, 0x00, 0x03, 0xFF, 0x80, 0x00, 0x00, 0x00, 0xFF, 0xE0, 0x00,
  0x00, 0x00, 0x3F, 0xF8, 0x00, 0x00, 0x00, 0x0F, 0xFE, 0x00, 0x00, 0x00,
  0x03, 0xFF, 0x80, 0x00, 0x00, 0x00, 0xFF, 0xE0, 0x00, 0x00, 0x07, 0xE0,
  0x1F, 0xF8, 0x3F, 0xFC, 0x7F, 0xFE, 0x7F, 0xFE, 0xFF, 0xFF, 0xFF, 0xFF,
  0xFF, 0xFF, 0xFF, 0xFF, 0xFF, 0xFF, 0xFF, 0xFF, 0x7F, 0xFE, 0x7F, 0xFE,
  0x3F, 0xFC, 0x1F, 0xFC, 0x07, 0xFC, 0x03, 0xF8, 0x07, 0xF8, 0x07, 0xF8,
  0x07, 0xF0, 0x0F, 0xF0, 0x0F, 0xE0, 0x0F, 0xE0, 0x1F, 0xE0, 0x1F, 0xC0,
  0x3F, 0xC0, 0x3F, 0x80, 0xFF, 0xFF, 0xFF, 0xFF, 0xFF, 0xFF, 0xFF, 0xFF,
  0xFF, 0xFF, 0xFF, 0xFF, 0xFF, 0xFF, 0xFF, 0xFF, 0xFF, 0xFF, 0xFF, 0xFF,
  0xFF, 0xFF, 0xFF, 0xFF, 0xFF, 0xFF, 0xFF, 0xFF, 0xFF, 0xFF, 0xFF, 0xFF,
  0xFF, 0xFF, 0xFF, 0xFF, 0xFF, 0x80, 0x07, 0xE0, 0x1F, 0xF8, 0x3F, 0xFC,
  0x7F, 0xFE, 0x7F, 0xFE, 0xFF, 0xFF, 0xFF, 0xFF, 0xFF, 0xFF, 0xFF, 0xFF,
  0xFF, 0xFF, 0xFF, 0xFF, 0x7F, 0xFE, 0x7F, 0xFE, 0x3F, 0xFC, 0x1F, 0xF8,
  0x07, 0xE0, 0x00, 0x00, 0x07, 0xFF, 0xC0, 0x00, 0x01, 0xFF, 0xE0, 0x00,
  0x00, 0x7F, 0xF8, 0x00, 0x00, 0x3F, 0xFE, 0x00, 0x00, 0x0F, 0xFF, 0x00,
  0x00, 0x07, 0xFF, 0xC0, 0x00, 0x01, 0xFF, 0xF0, 0x00, 0x00, 0x7F, 0xF8,
  0x00, 0x00, 0x3F, 0xFE, 0x00, 0x00, 0x0F, 0xFF, 0x00, 0x00, 0x03, 0xFF,
  0xC0, 0x00, 0x01, 0xFF, 0xF0, 0x00, 0x00, 0x7F, 0xF8, 0x00, 0x00, 0x3F,
  0xFE, 0x00, 0x00, 0x0F, 0xFF, 0x00, 0x00, 0x03, 0xFF, 0xC0, 0x00, 0x01,
  0xFF, 0xF0, 0x00, 0x00, 0x7F, 0xF8, 0x00, 0x00, 0x3F, 0xFE, 0x00, 0x00,
  0x0F, 0xFF, 0x80, 0x00, 0x03, 0xFF, 0xC0, 0x00, 0x01, 0xFF, 0xF0, 0x00,
  0x00, 0x7F, 0xF8, 0x00, 0x00, 0x3F, 0xFE, 0x00, 0x00, 0x0F, 0xFF, 0x80,
  0x00, 0x03, 0xFF, 0xC0, 0x00, 0x01, 0xFF, 0xF0, 0x00, 0x00, 0x7F, 0xF8,
  0x00, 0x00, 0x1F, 0xFE, 0x00, 0x00, 0x0F, 0xFF, 0x80, 0x00, 0x03, 0xFF,
  0xC0, 0x00, 0x01, 0xFF, 0xF0, 0x00, 0x00, 0x7F, 0xF8, 0x00, 0x00, 0x1F,
  0xFE, 0x00, 0x00, 0x0F, 0xFF, 0x80, 0x00, 0x03, 0xFF, 0xC0, 0x00, 0x01,
  0xFF, 0xF0, 0x00, 0x00, 0x7F, 0xFC, 0x00, 0x00, 0x1F, 0xFE, 0x00, 0x00,
  0x0F, 0xFF, 0x80, 0x00, 0x03, 0xFF, 0xC0, 0x00, 0x01, 0xFF, 0xF0, 0x00,
  0x00, 0x7F, 0xFC, 0x00, 0x00, 0x1F, 0xFE, 0x00, 0x00, 0x0F, 0xFF, 0x80,
  0x00, 0x03, 0xFF, 0xC0, 0x00, 0x00, 0xFF, 0xF0, 0x00, 0x00, 0x7F, 0xFC,
  0x00, 0x00, 0x1F, 0xFE, 0x00, 0x00, 0x0F, 0xFF, 0x80, 0x00, 0x03, 0xFF,
  0xE0, 0x00, 0x00, 0xFF, 0xF0, 0x00, 0x00, 0x7F, 0xFC, 0x00, 0x00, 0x1F,
  0xFE, 0x00, 0x00, 0x0F, 0xFF, 0x80, 0x00, 0x00, 0x00, 0x00, 0x3F, 0xF8,
  0x00, 0x00, 0x00, 0x07, 0xFF, 0xFE, 0x00, 0x00, 0x00, 0x3F, 0xFF, 0xFF,
  0x80, 0x00, 0x01, 0xFF, 0xFF, 0xFF, 0x80, 0x00, 0x07, 0xFF, 0xFF, 0xFF,
  0xC0, 0x00, 0x1F, 0xFF, 0xFF, 0xFF, 0xC0, 0x00, 0x7F, 0xFF, 0xFF, 0xFF,
  0xC0, 0x01, 0xFF, 0xFF, 0xFF, 0xFF, 0xC0, 0x07, 0xFF, 0xFF, 0xFF, 0xFF,
  0x80, 0x1F, 0xFF, 0xFF, 0xFF, 0xFF, 0x80, 0x3F, 0xFF, 0xC0, 0x7F, 0xFF,
  0x80, 0xFF, 0xFE, 0x00, 0x7F, 0xFF, 0x01, 0xFF, 0xF8, 0x00, 0x7F, 0xFF,
  0x07, 0xFF, 0xF0, 0x00, 0x7F, 0xFE, 0x0F, 0xFF, 0xF0, 0x00, 0x7F, 0xFE,
  0x3F, 0xFF, 0xF0, 0x00, 0xFF, 0xFC, 0x7F, 0xFF, 0xE0, 0x00, 0xFF, 0xF8,
  0xFF, 0xFF, 0xE0, 0x01, 0xFF, 0xF1, 0xFF, 0xFF, 0xE0, 0x01, 0xFF, 0xF7,
  0xFF, 0xFF, 0xE0, 0x03, 0xFF, 0xEF, 0xFF, 0xFF, 0xC0, 0x07, 0xFF, 0xDF,
  0xFF, 0x7F, 0xC0, 0x0F, 0xFF, 0xBF, 0xFE, 0xFF, 0xC0, 0x1F, 0xFF, 0x7F,
  0xFC, 0xFF, 0x80, 0x3F, 0xFE, 0xFF, 0xF8, 0xFF, 0x80, 0x3F, 0xFF, 0xFF,
  0xF1, 0xFF, 0x80, 0x7F, 0xFF, 0xFF, 0xE1, 0xFF, 0x00, 0xFF, 0xFF, 0xFF,
  0x81, 0xFF, 0x01, 0xFF, 0xFF, 0xFF, 0x01, 0xFF, 0x03, 0xFF, 0xFF, 0xFE,
  0x03, 0xFF, 0x07, 0xFF, 0xFF, 0xFE, 0x03, 0xFE, 0x0F, 0xFF, 0xFF, 0xFC,
  0x03, 0xFE, 0x1F, 0xFF, 0xFF, 0xF8, 0x07, 0xFE, 0x3F, 0xFF, 0xFF, 0xF0,
  0x07, 0xFC, 0x7F, 0xFB, 0xFF, 0xE0, 0x07, 0xFC, 0xFF, 0xF7, 0xFF, 0xC0,
  0x07, 0xFF, 0xFF, 0xEF, 0xFF, 0x80, 0x0F, 0xFF, 0xFF, 0xDF, 0xFF, 0x00,
  0x0F, 0xFF, 0xFF, 0x9F, 0xFF, 0x00, 0x0F, 0xFF, 0xFF, 0x3F, 0xFE, 0x00,
  0x1F, 0xFF, 0xFC, 0x7F, 0xFC, 0x00, 0x1F, 0xFF, 0xF8, 0x7F, 0xFC, 0x00,
  0x1F, 0xFF, 0xF0, 0xFF, 0xF8, 0x00, 0x1F, 0xFF, 0xC1, 0xFF, 0xF8, 0x00,
  0x3F, 0xFF, 0x81, 0xFF, 0xF8, 0x00, 0x3F, 0xFF, 0x03, 0xFF, 0xF8, 0x00,
  0xFF, 0xFC, 0x03, 0xFF, 0xF8, 0x07, 0xFF, 0xF8, 0x07, 0xFF, 0xFF, 0xFF,
  0xFF, 0xE0, 0x07, 0xFF, 0xFF, 0xFF, 0xFF, 0x80, 0x07, 0xFF, 0xFF, 0xFF,
  0xFE, 0x00, 0x07, 0xFF, 0xFF, 0xFF, 0xFC, 0x00, 0x07, 0xFF, 0xFF, 0xFF,
  0xF0, 0x00, 0x07, 0xFF, 0xFF, 0xFF, 0xC0, 0x00, 0x07, 0xFF, 0xFF, 0xFE,
  0x00, 0x00, 0x03, 0xFF, 0xFF, 0xF0, 0x00, 0x00, 0x01, 0xFF, 0xFF, 0x80,
  0x00, 0x00, 0x00, 0x3F, 0xF8, 0x00, 0x00, 0x00, 0x01, 0xFF, 0x80, 0x00,
  0xFF, 0xC0, 0x00, 0xFF, 0xE0, 0x00, 0x7F, 0xF0, 0x00, 0x7F, 0xF8, 0x00,
  0x7F, 0xFC, 0x00, 0x7F, 0xFE, 0x01, 0xFF, 0xFF, 0xFF, 0xFF, 0xFF, 0xFF,
  0xFF, 0xFF, 0xFF, 0xFF, 0xFF, 0xFF, 0xFF, 0xFF, 0xFF, 0xFF, 0xFF, 0xFF,
  0xFF, 0xFF, 0xFF, 0xFF, 0xFF, 0xFF, 0xFF, 0xFF, 0xFF, 0xFF, 0xFF, 0xFF,
  0xFF, 0xFF, 0xFF, 0xC0, 0x03, 0xFF, 0xE0, 0x01, 0xFF, 0xF0, 0x00, 0xFF,
  0xF8, 0x00, 0x7F, 0xFC, 0x00, 0x3F, 0xFE, 0x00, 0x1F, 0xFF, 0x00, 0x0F,
  0xFF, 0x80, 0x07, 0xFF, 0xC0, 0x03, 0xFF, 0xE0, 0x01, 0xFF, 0xF0, 0x00,
  0xFF, 0xF8, 0x00, 0x7F, 0xFC, 0x00, 0x3F, 0xFE, 0x00, 0x1F, 0xFF, 0x00,
  0x0F, 0xFF, 0x80, 0x07, 0xFF, 0xC0, 0x03, 0xFF, 0xE0, 0x01, 0xFF, 0xF0,
  0x00, 0xFF, 0xF8, 0x00, 0x7F, 0xFC, 0x00, 0x3F, 0xFE, 0x00, 0x1F, 0xFF,
  0x00, 0x0F, 0xFF, 0x80, 0x07, 0xFF, 0xC0, 0x03, 0xFF, 0xE0, 0x01, 0xFF,
  0xF0, 0x00, 0xFF, 0xF8, 0x00, 0x7F, 0xFC, 0x00, 0x3F, 0xFE, 0x00, 0x1F,
  0xFF, 0x00, 0x0F, 0xFF, 0x80, 0x07, 0xFF, 0xC0, 0x03, 0xFF, 0xE0, 0x01,
  0xFF, 0xF0, 0x00, 0xFF, 0xF8, 0x00, 0x7F, 0xFC, 0x00, 0x3F, 0xFE, 0x00,
  0x00, 0x7F, 0xF0, 0x00, 0x00, 0x01, 0xFF, 0xFF, 0x80, 0x00, 0x01, 0xFF,
  0xFF, 0xF8, 0x00, 0x01, 0xFF, 0xFF, 0xFF, 0x80, 0x00, 0xFF, 0xFF, 0xFF,
  0xF0, 0x00, 0xFF, 0xFF, 0xFF, 0xFF, 0x00, 0x7F, 0xFF, 0xFF, 0xFF, 0xC0,
  0x1F, 0xFF, 0xFF, 0xFF, 0xF8, 0x0F, 0xFF, 0xFF, 0xFF, 0xFF, 0x07, 0xFF,
  0xFF, 0xFF, 0xFF, 0xC1, 0xFF, 0xFC, 0x07, 0xFF, 0xF8, 0xFF, 0xFC, 0x00,
  0x7F, 0xFE, 0x3F, 0xFE, 0x00, 0x0F, 0xFF, 0x81, 0xFF, 0x00, 0x03, 0xFF,
  0xE0, 0x1F, 0xC0, 0x00, 0x7F, 0xFC, 0x00, 0xE0, 0x00, 0x1F, 0xFF, 0x00,
  0x08, 0x00, 0x07, 0xFF, 0xC0, 0x00, 0x00, 0x01, 0xFF, 0xF0, 0x00, 0x00,
  0x00, 0x7F, 0xF8, 0x00, 0x00, 0x00, 0x3F, 0xFE, 0x00, 0x00, 0x00, 0x0F,
  0xFF, 0x80, 0x00, 0x00, 0x03, 0xFF, 0xE0, 0x00, 0x00, 0x01, 0xFF, 0xF8,
  0x00, 0x00, 0x00, 0xFF, 0xFC, 0x00, 0x00, 0x00, 0x3F, 0xFF, 0x00, 0x00,
  0x00, 0x1F, 0xFF, 0x80, 0x00, 0x00, 0x0F, 0xFF, 0xE0, 0x00, 0x00, 0x07,
  0xFF, 0xF0, 0x00, 0x00, 0x03, 0xFF, 0xF8, 0x00, 0x00, 0x01, 0xFF, 0xFE,
  0x00, 0x00, 0x00, 0xFF, 0xFF, 0x00, 0x00, 0x00, 0x7F, 0xFF, 0x80, 0x00,
  0x00, 0x3F, 0xFF, 0xC0, 0x00, 0x00, 0x1F, 0xFF, 0xE0, 0x00, 0x00, 0x1F,
  0xFF, 0xF0, 0x00, 0x00, 0x0F, 0xFF, 0xF8, 0x00, 0x00, 0x07, 0xFF, 0xFC,
  0x00, 0x00, 0x03, 0xFF, 0xFC, 0x00, 0x00, 0x03, 0xFF, 0xFE, 0x00, 0x00,
  0x01, 0xFF, 0xFF, 0x00, 0x00, 0x00, 0xFF, 0xFF, 0x80, 0x00, 0x00, 0xFF,
  0xFF, 0x80, 0x00, 0x00, 0x7F, 0xFF, 0xC0, 0x00, 0x00, 0x3F, 0xFF, 0xC0,
  0x00, 0x00, 0x3F, 0xFF, 0xE0, 0x00, 0x00, 0x1F, 0xFF, 0xE0, 0x00, 0x00,
  0x0F, 0xFF, 0xFF, 0xFF, 0xFF, 0xFF, 0xFF, 0xFF, 0xFF, 0xFF, 0xFF, 0xFF,
  0xFF, 0xFF, 0xFF, 0xFF, 0xFF, 0xFF, 0xFF, 0xFF, 0xFF, 0xFF, 0xFF, 0xFF,
  0xFF, 0xFF, 0xFF, 0xFF, 0xFF, 0xFF, 0xFF, 0xFF, 0xFF, 0xFF, 0xFF, 0xFF,
  0xFF, 0xFF, 0xFF, 0xFF, 0xFF, 0xFF, 0xFF, 0xFF, 0xFF, 0xFF, 0xFF, 0xFF,
  0xFF, 0xFF, 0xFF, 0xFF, 0xFF, 0x00, 0x00, 0xFF, 0xE0, 0x00, 0x00, 0x03,
  0xFF, 0xFF, 0x80, 0x00, 0x07, 0xFF, 0xFF, 0xF8, 0x00, 0x03, 0xFF, 0xFF,
  0xFF, 0x80, 0x03, 0xFF, 0xFF, 0xFF, 0xF8, 0x01, 0xFF, 0xFF, 0xFF, 0xFF,
  0x00, 0xFF, 0xFF, 0xFF, 0xFF, 0xE0, 0x7F, 0xFF, 0xFF, 0xFF, 0xFC, 0x3F,
  0xFF, 0xFF, 0xFF, 0xFF, 0x0F, 0xFF, 0xFF, 0xFF, 0xFF, 0xE7, 0xFF, 0xF0,
  0x07, 0xFF, 0xF9, 0xFF, 0xF0, 0x00, 0x7F, 0xFE, 0xFF, 0xF8, 0x00, 0x0F,
  0xFF, 0x83, 0xFC, 0x00, 0x03, 0xFF, 0xF0, 0x1F, 0x00, 0x00, 0x7F, 0xFC,
  0x01, 0xC0, 0x00, 0x1F, 0xFE, 0x00, 0x00, 0x00, 0x07, 0xFF, 0x80, 0x00,
  0x00, 0x01, 0xFF, 0xE0, 0x00, 0x00, 0x00, 0xFF, 0xF8, 0x00, 0x00, 0x00,
  0x7F, 0xFC, 0x00, 0x00, 0x00, 0x3F, 0xFF, 0x00, 0x00, 0x00, 0x3F, 0xFF,
  0x80, 0x00, 0x00, 0x7F, 0xFF, 0xE0, 0x00, 0x0F, 0xFF, 0xFF, 0xF0, 0x00,
  0x03, 0xFF, 0xFF, 0xF8, 0x00, 0x00, 0xFF, 0xFF, 0xFC, 0x00, 0x00, 0x3F,
  0xFF, 0xFC, 0x00, 0x00, 0x0F, 0xFF, 0xFF, 0x80, 0x00, 0x03, 0xFF, 0xFF,
  0xF8, 0x00, 0x00, 0xFF, 0xFF, 0xFF, 0x00, 0x00, 0x3F, 0xFF, 0xFF, 0xE0,
  0x00, 0x0F, 0xFF, 0xFF, 0xFC, 0x00, 0x00, 0x07, 0xFF, 0xFF, 0x00, 0x00,
  0x00, 0x1F, 0xFF, 0xE0, 0x00, 0x00, 0x01, 0xFF, 0xF8, 0x00, 0x00, 0x00,
  0x3F, 0xFF, 0x00, 0x00, 0x00, 0x07, 0xFF, 0xC0, 0x00, 0x00, 0x01, 0xFF,
  0xF0, 0x00, 0x00, 0x00, 0x7F, 0xFC, 0x00, 0x00, 0x00, 0x0F, 0xFF, 0x00,
  0x20, 0x00, 0x03, 0xFF, 0xC0, 0x78, 0x00, 0x00, 0xFF, 0xF0, 0xFF, 0x00,
  0x00, 0x7F, 0xFC, 0xFF, 0xE0, 0x00, 0x1F, 0xFF, 0xFF, 0xF8, 0x00, 0x0F,
  0xFF, 0xFF, 0xFF, 0x80, 0x07, 0xFF, 0xF7, 0xFF, 0xF8, 0x03, 0xFF, 0xF9,
  0xFF, 0xFF, 0xFF, 0xFF, 0xFE, 0x3F, 0xFF, 0xFF, 0xFF, 0xFF, 0x07, 0xFF,
  0xFF, 0xFF, 0xFF, 0x80, 0xFF, 0xFF, 0xFF, 0xFF, 0xC0, 0x1F, 0xFF, 0xFF,
  0xFF, 0xE0, 0x03, 0xFF, 0xFF, 0xFF, 0xF0, 0x00, 0x7F, 0xFF, 0xFF, 0xF8,
  0x00, 0x07, 0xFF, 0xFF, 0xF8, 0x00, 0x00, 0x3F, 0xFF, 0xF0, 0x00, 0x00,
  0x01, 0xFF, 0xC0, 0x00, 0x00, 0x00, 0x00, 0x00, 0x3F, 0xFE, 0x00, 0x00,
  0x00, 0x00, 0xFF, 0xFC, 0x00, 0x00, 0x00, 0x01, 0xFF, 0xF8, 0x00, 0x00,
  0x00, 0x07, 0xFF, 0xF0, 0x00, 0x00, 0x00, 0x1F, 0xFF, 0xE0, 0x00, 0x00,
  0x00, 0x7F, 0xFF, 0xC0, 0x00, 0x00, 0x01, 0xFF, 0xFF, 0x80, 0x00, 0x00,
  0x03, 0xFF, 0xFF, 0x00, 0x00, 0x00, 0x0F, 0xFF, 0xFE, 0x00, 0x00, 0x00,
  0x3F, 0xFF, 0xFC, 0x00, 0x00, 0x00, 0xFF, 0xFF, 0xF8, 0x00, 0x00, 0x01,
  0xFF, 0xFF, 0xF0, 0x00, 0x00, 0x07, 0xFF, 0xFF, 0xE0, 0x00, 0x00, 0x1F,
  0xFF, 0xFF, 0xC0, 0x00, 0x00, 0x7F, 0xFF, 0xFF, 0x80, 0x00, 0x01, 0xFF,
  0xFF, 0xFF, 0x00, 0x00, 0x03, 0xFF, 0xDF, 0xFE, 0x00, 0x00, 0x0F, 0xFF,
  0xBF, 0xFC, 0x00, 0x00, 0x3F, 0xFE, 0x7F, 0xF8, 0x00, 0x00, 0xFF, 0xF8,
  0xFF, 0xF0, 0x00, 0x03, 0xFF, 0xE1, 0xFF, 0xE0, 0x00, 0x07, 0xFF, 0x83,
  0xFF, 0xC0, 0x00, 0x1F, 0xFE, 0x07, 0xFF, 0x80, 0x00, 0x7F, 0xFC, 0x0F,
  0xFF, 0x00, 0x01, 0xFF, 0xF0, 0x1F, 0xFE, 0x00, 0x03, 0xFF, 0xC0, 0x3F,
  0xFC, 0x00, 0x0F, 0xFF, 0x00, 0x7F, 0xF8, 0x00, 0x3F, 0xFC, 0x00, 0xFF,
  0xF0, 0x00, 0xFF, 0xF0, 0x01, 0xFF, 0xE0, 0x03, 0xFF, 0xE0, 0x03, 0xFF,
  0xC0, 0x07, 0xFF, 0x80, 0x07, 0xFF, 0x80, 0x1F, 0xFE, 0x00, 0x0F, 0xFF,
  0x00, 0x7F, 0xFF, 0xFF, 0xFF, 0xFF, 0xFF, 0xFF, 0xFF, 0xFF, 0xFF, 0xFF,
  0xFF, 0xFF, 0xFF, 0xFF, 0xFF, 0xFF, 0xFF, 0xFF, 0xFF, 0xFF, 0xFF, 0xFF,
  0xFF, 0xFF, 0xFF, 0xFF, 0xFF, 0xFF, 0xFF, 0xFF, 0xFF, 0xFF, 0xFF, 0xFF,
  0xFF, 0xFF, 0xFF, 0xFF, 0xFF, 0xFF, 0xFF, 0xFF, 0xFF, 0xFF, 0xFF, 0xFF,
  0xFF, 0xFF, 0xFF, 0xFF, 0xFF, 0xFF, 0xFF, 0xFF, 0xFF, 0xFF, 0xFF, 0xFF,
  0xFF, 0xFF, 0xFF, 0xFF, 0xFF, 0xF8, 0x00, 0x00, 0x00, 0xFF, 0xF0, 0x00,
  0x00, 0x00, 0x01, 0xFF, 0xE0, 0x00, 0x00, 0x00, 0x03, 0xFF, 0xC0, 0x00,
  0x00, 0x00, 0x07, 0xFF, 0x80, 0x00, 0x00, 0x00, 0x0F, 0xFF, 0x00, 0x00,
  0x00, 0x00, 0x1F, 0xFE, 0x00, 0x00, 0x00, 0x00, 0x3F, 0xFC, 0x00, 0x00,
  0x00, 0x00, 0x7F, 0xF8, 0x00, 0x00, 0x00, 0x00, 0xFF, 0xF0, 0x00, 0x00,
  0x00, 0x01, 0xFF, 0xE0, 0x00, 0x00, 0x00, 0x03, 0xFF, 0xC0, 0x00, 0x00,
  0x00, 0x07, 0xFF, 0x80, 0x00, 0x0F, 0xFF, 0xFF, 0xFF, 0xFF, 0x81, 0xFF,
  0xFF, 0xFF, 0xFF, 0xF0, 0x3F, 0xFF, 0xFF, 0xFF, 0xFE, 0x07, 0xFF, 0xFF,
  0xFF, 0xFF, 0xC0, 0xFF, 0xFF, 0xFF, 0xFF, 0xF8, 0x3F, 0xFF, 0xFF, 0xFF,
  0xFF, 0x07, 0xFF, 0xFF, 0xFF, 0xFF, 0xE0, 0xFF, 0xFF, 0xFF, 0xFF, 0xFC,
  0x1F, 0xFF, 0xFF, 0xFF, 0xFF, 0x83, 0xFF, 0xFF, 0xFF, 0xFF, 0xF0, 0x7F,
  0xF0, 0x00, 0x00, 0x00, 0x0F, 0xFE, 0x00, 0x00, 0x00, 0x01, 0xFF, 0xC0,
  0x00, 0x00, 0x00, 0x7F, 0xF8, 0x00, 0x00, 0x00, 0x0F, 0xFF, 0x00, 0x00,
  0x00, 0x01, 0xFF, 0xE0, 0x00, 0x00, 0x00, 0x3F, 0xFC, 0x00, 0x00, 0x00,
  0x07, 0xFF, 0x80, 0xFC, 0x00, 0x00, 0xFF, 0xE1, 0xFF, 0xF8, 0x00, 0x1F,
  0xFC, 0xFF, 0xFF, 0xE0, 0x03, 0xFF, 0xFF, 0xFF, 0xFE, 0x00, 0x7F, 0xFF,
  0xFF, 0xFF, 0xF0, 0x1F, 0xFF, 0xFF, 0xFF, 0xFF, 0x03, 0xFF, 0xFF, 0xFF,
  0xFF, 0xF0, 0x7F, 0xFF, 0xFF, 0xFF, 0xFF, 0x0F, 0xFF, 0xFF, 0xFF, 0xFF,
  0xE1, 0xFF, 0xFF, 0xFF, 0xFF, 0xFE, 0x3F, 0xFF, 0xE0, 0x7F, 0xFF, 0xC7,
  0xFF, 0xE0, 0x03, 0xFF, 0xFC, 0x1F, 0xF8, 0x00, 0x1F, 0xFF, 0x80, 0x7E,
  0x00, 0x01, 0xFF, 0xF8, 0x03, 0x80, 0x00, 0x3F, 0xFF, 0x00, 0x00, 0x00,
  0x03, 0xFF, 0xE0, 0x00, 0x00, 0x00, 0x7F, 0xFC, 0x00, 0x00, 0x00, 0x0F,
  0xFF, 0x80, 0x00, 0x00, 0x01, 0xFF, 0xF0, 0x00, 0x00, 0x00, 0x3F, 0xFE,
  0x00, 0x00, 0x00, 0x07, 0xFF, 0xC0, 0x00, 0x00, 0x00, 0xFF, 0xF8, 0x00,
  0x80, 0x00, 0x1F, 0xFF, 0x00, 0xF0, 0x00, 0x03, 0xFF, 0xE0, 0xFE, 0x00,
  0x00, 0xFF, 0xFC, 0x7F, 0xE0, 0x00, 0x1F, 0xFF, 0xFF, 0xFC, 0x00, 0x07,
  0xFF, 0xE7, 0xFF, 0xC0, 0x01, 0xFF, 0xFC, 0xFF, 0xFE, 0x00, 0xFF, 0xFF,
  0x0F, 0xFF, 0xFF, 0xFF, 0xFF, 0xE0, 0xFF, 0xFF, 0xFF, 0xFF, 0xF8, 0x1F,
  0xFF, 0xFF, 0xFF, 0xFE, 0x01, 0xFF, 0xFF, 0xFF, 0xFF, 0x80, 0x1F, 0xFF,
  0xFF, 0xFF, 0xE0, 0x00, 0xFF, 0xFF, 0xFF, 0xF8, 0x00, 0x0F, 0xFF, 0xFF,
  0xFE, 0x00, 0x00, 0x7F, 0xFF, 0xFF, 0x00, 0x00, 0x03, 0xFF, 0xFF, 0x00,
  0x00, 0x00, 0x07, 0xFF, 0x00, 0x00, 0x00, 0x00, 0x1F, 0xF8, 0x00, 0x00,
  0x00, 0x3F, 0xFF, 0xF0, 0x00, 0x00, 0x1F, 0xFF, 0xFF, 0x80, 0x00, 0x0F,
  0xFF, 0xFF, 0xF8, 0x00, 0x03, 0xFF, 0xFF, 0xFF, 0xC0, 0x00, 0xFF, 0xFF,
  0xFF, 0xFC, 0x00, 0x3F, 0xFF, 0xFF, 0xFF, 0xC0, 0x0F, 0xFF, 0xFF, 0xFF,
  0xFC, 0x03, 0xFF, 0xFF, 0xFF, 0xFE, 0x00, 0x7F, 0xFE, 0x07, 0xFE, 0x00,
  0x1F, 0xFF, 0x00, 0x3F, 0x00, 0x07, 0xFF, 0xC0, 0x03, 0x00, 0x00, 0xFF,
  0xF0, 0x00, 0x00, 0x00, 0x3F, 0xFC, 0x00, 0x00, 0x00, 0x07, 0xFF, 0x80,
  0x00, 0x00, 0x00, 0xFF, 0xE0, 0x00, 0x00, 0x00, 0x3F, 0xFC, 0x00, 0x00,
  0x00, 0x07, 0xFF, 0x80, 0x00, 0x00, 0x00, 0xFF, 0xF0, 0x00, 0x00, 0x00,
  0x3F, 0xFC, 0x07, 0xFC, 0x00, 0x07, 0xFF, 0x87, 0xFF, 0xF0, 0x00, 0xFF,
  0xF3, 0xFF, 0xFF, 0x80, 0x1F, 0xFE, 0xFF, 0xFF, 0xFC, 0x03, 0xFF, 0xFF,
  0xFF, 0xFF, 0xC0, 0x7F, 0xFF, 0xFF, 0xFF, 0xFC, 0x1F, 0xFF, 0xFF, 0xFF,
  0xFF, 0xC3, 0xFF, 0xFF, 0xFF, 0xFF, 0xFC, 0x7F, 0xFF, 0xFF, 0xFF, 0xFF,
  0xCF, 0xFF, 0xFF, 0xFF, 0xFF, 0xF9, 0xFF, 0xFF, 0x80, 0x7F, 0xFF, 0xBF,
  0xFF, 0xE0, 0x03, 0xFF, 0xF7, 0xFF, 0xF8, 0x00, 0x3F, 0xFF, 0xFF, 0xFE,
  0x00, 0x07, 0xFF, 0xFF, 0xFF, 0x80, 0x00, 0x7F, 0xFF, 0xFF, 0xF0, 0x00,
  0x0F, 0xFF, 0xFF, 0xFE, 0x00, 0x00, 0xFF, 0xFF, 0xFF, 0x80, 0x00, 0x1F,
  0xFE, 0xFF, 0xF0, 0x00, 0x03, 0xFF, 0xDF, 0xFE, 0x00, 0x00, 0x7F, 0xFB,
  0xFF, 0xC0, 0x00, 0x0F, 0xFF, 0x7F, 0xFC, 0x00, 0x01, 0xFF, 0xEF, 0xFF,
  0x80, 0x00, 0x7F, 0xFC, 0xFF, 0xF0, 0x00, 0x0F, 0xFF, 0x9F, 0xFF, 0x00,
  0x03, 0xFF, 0xE3, 0xFF, 0xF0, 0x00, 0x7F, 0xFC, 0x3F, 0xFF, 0x00, 0x1F,
  0xFF, 0x87, 0xFF, 0xF0, 0x0F, 0xFF, 0xE0, 0x7F, 0xFF, 0xFF, 0xFF, 0xFC,
  0x0F, 0xFF, 0xFF, 0xFF, 0xFF, 0x00, 0xFF, 0xFF, 0xFF, 0xFF, 0xC0, 0x0F,
  0xFF, 0xFF, 0xFF, 0xF0, 0x00, 0xFF, 0xFF, 0xFF, 0xFC, 0x00, 0x0F, 0xFF,
  0xFF, 0xFF, 0x00, 0x00, 0xFF, 0xFF, 0xFF, 0xC0, 0x00, 0x07, 0xFF, 0xFF,
  0xE0, 0x00, 0x00, 0x3F, 0xFF, 0xF0, 0x00, 0x00, 0x00, 0x7F, 0xE0, 0x00,
  0x00, 0xFF, 0xFF, 0xFF, 0xFF, 0xFF, 0xFF, 0xFF, 0xFF, 0xFF, 0xFF, 0xFF,
  0xFF, 0xFF, 0xFF, 0xFF, 0xFF, 0xFF, 0xFF, 0xFF, 0xFF, 0xFF, 0xFF, 0xFF,
  0xFF, 0xFF, 0xFF, 0xFF, 0xFF, 0xFF, 0xFF, 0xFF, 0xFF, 0xFF, 0xFF, 0xFF,
  0xFF, 0xFF, 0xFF, 0xFF, 0xFF, 0xFF, 0xFF, 0xFF, 0xFF, 0xFF, 0xFF, 0xFF,
  0xFF, 0xFF, 0xFF, 0xFF, 0xC0, 0x00, 0x00, 0x03, 0xFF, 0xE0, 0x00, 0x00,
  0x03, 0xFF, 0xE0, 0x00, 0x00, 0x01, 0xFF, 0xF0, 0x00, 0x00, 0x01, 0xFF,
  0xF0, 0x00, 0x00, 0x00, 0xFF, 0xF8, 0x00, 0x00, 0x00, 0xFF, 0xFC, 0x00,
  0x00, 0x00, 0x7F, 0xFC, 0x00, 0x00, 0x00, 0x7F, 0xFE, 0x00, 0x00, 0x00,
  0x3F, 0xFE, 0x00, 0x00, 0x00, 0x3F, 0xFF, 0x00, 0x00, 0x00, 0x1F, 0xFF,
  0x00, 0x00, 0x00, 0x1F, 0xFF, 0x80, 0x00, 0x00, 0x0F, 0xFF, 0x80, 0x00,
  0x00, 0x0F, 0xFF, 0xC0, 0x00, 0x00, 0x07, 0xFF, 0xC0, 0x00, 0x00, 0x07,
  0xFF, 0xE0, 0x00, 0x00, 0x03, 0xFF, 0xE0, 0x00, 0x00, 0x03, 0xFF, 0xF0,
  0x00, 0x00, 0x01, 0xFF, 0xF8, 0x00, 0x00, 0x01, 0xFF, 0xF8, 0x00, 0x00,
  0x00, 0xFF, 0xFC, 0x00, 0x00, 0x00, 0xFF, 0xFC, 0x00, 0x00, 0x00, 0x7F,
  0xFE, 0x00, 0x00, 0x00, 0x7F, 0xFE, 0x00, 0x00, 0x00, 0x3F, 0xFF, 0x00,
  0x00, 0x00, 0x3F, 0xFF, 0x00, 0x00, 0x00, 0x1F, 0xFF, 0x80, 0x00, 0x00,
  0x1F, 0xFF, 0x80, 0x00, 0x00, 0x0F, 0xFF, 0xC0, 0x00, 0x00, 0x0F, 0xFF,
  0xC0, 0x00, 0x00, 0x07, 0xFF, 0xE0, 0x00, 0x00, 0x07, 0xFF, 0xE0, 0x00,
  0x00, 0x03, 0xFF, 0xF0, 0x00, 0x00, 0x03, 0xFF, 0xF8, 0x00, 0x00, 0x01,
  0xFF, 0xF8, 0x00, 0x00, 0x01, 0xFF, 0xFC, 0x00, 0x00, 0x00, 0xFF, 0xFC,
  0x00, 0x00, 0x00, 0xFF, 0xFE, 0x00, 0x00, 0x00, 0x7F, 0xFE, 0x00, 0x00,
  0x00, 0x7F, 0xFF, 0x00, 0x00, 0x00, 0x3F, 0xFF, 0x00, 0x00, 0x00, 0x1F,
  0xFF, 0x80, 0x00, 0x00, 0x1F, 0xFF, 0x80, 0x00, 0x00, 0x0F, 0xFF, 0xC0,
  0x00, 0x00, 0x0F, 0xFF, 0xC0, 0x00, 0x00, 0x00, 0x00, 0x3F, 0xE0, 0x00,
  0x00, 0x00, 0x07, 0xFF, 0xE0, 0x00, 0x00, 0x00, 0xFF, 0xFF, 0x80, 0x00,
  0x00, 0x0F, 0xFF, 0xFF, 0x00, 0x00, 0x01, 0xFF, 0xFF, 0xFC, 0x00, 0x00,
  0x0F, 0xFF, 0xFF, 0xF0, 0x00, 0x00, 0xFF, 0xFF, 0xFF, 0xC0, 0x00, 0x0F,
  0xFF, 0xFF, 0xFE, 0x00, 0x00, 0x7F, 0xFF, 0xFF, 0xF8, 0x00, 0x07, 0xFF,
  0xFF, 0xFF, 0xC0, 0x00, 0x3F, 0xFC, 0x1F, 0xFF, 0x00, 0x03, 0xFF, 0xC0,
  0x3F, 0xF8, 0x00, 0x1F, 0xFC, 0x01, 0xFF, 0xC0, 0x00, 0xFF, 0xC0, 0x07,
  0xFE, 0x00, 0x07, 0xFE, 0x00, 0x3F, 0xF0, 0x00, 0x3F, 0xF0, 0x01, 0xFF,
  0x80, 0x01, 0xFF, 0x80, 0x0F, 0xFC, 0x00, 0x0F, 0xFC, 0x00, 0x7F, 0xE0,
  0x00, 0x7F, 0xF0, 0x03, 0xFF, 0x00, 0x03, 0xFF, 0x80, 0x3F, 0xF8, 0x00,
  0x1F, 0xFE, 0x03, 0xFF, 0xC0, 0x00, 0x7F, 0xF8, 0x3F, 0xFC, 0x00, 0x03,
  0xFF, 0xFF, 0xFF, 0xE0, 0x00, 0x0F, 0xFF, 0xFF, 0xFF, 0x00, 0x00, 0x7F,
  0xFF, 0xFF, 0xF0, 0x00, 0x03, 0xFF, 0xFF, 0xFF, 0x80, 0x00, 0x7F, 0xFF,
  0xFF, 0xFF, 0x00, 0x07, 0xFF, 0xFF, 0xFF, 0xFC, 0x00, 0x7F, 0xFF, 0xFF,
  0xFF, 0xF8, 0x07, 0xFF, 0xFF, 0xFF, 0xFF, 0xE0, 0x7F, 0xFF, 0xFF, 0xFF,
  0xFF, 0x07, 0xFF, 0xFF, 0xFF, 0xFF, 0xFC, 0x7F, 0xFF, 0xC0, 0x1F, 0xFF,
  0xF3, 0xFF, 0xF8, 0x00, 0x3F, 0xFF, 0x9F, 0xFF, 0x80, 0x00, 0xFF, 0xFF,
  0xFF, 0xF8, 0x00, 0x03, 0xFF, 0xFF, 0xFF, 0x80, 0x00, 0x0F, 0xFF, 0xFF,
  0xFC, 0x00, 0x00, 0x7F, 0xFF, 0xFF, 0xE0, 0x00, 0x03, 0xFF, 0xFF, 0xFF,
  0x00, 0x00, 0x1F, 0xFF, 0xFF, 0xF8, 0x00, 0x00, 0xFF, 0xFF, 0xFF, 0xC0,
  0x00, 0x07, 0xFF, 0xFF, 0xFF, 0x00, 0x00, 0x7F, 0xFE, 0xFF, 0xF8, 0x00,
  0x03, 0xFF, 0xF7, 0xFF, 0xE0, 0x00, 0x3F, 0xFF, 0x3F, 0xFF, 0xC0, 0x03,
  0xFF, 0xF8, 0xFF, 0xFF, 0x80, 0xFF, 0xFF, 0xC7, 0xFF, 0xFF, 0xFF, 0xFF,
  0xFC, 0x1F, 0xFF, 0xFF, 0xFF, 0xFF, 0xE0, 0xFF, 0xFF, 0xFF, 0xFF, 0xFE,
  0x03, 0xFF, 0xFF, 0xFF, 0xFF, 0xE0, 0x0F, 0xFF, 0xFF, 0xFF, 0xFE, 0x00,
  0x1F, 0xFF, 0xFF, 0xFF, 0xE0, 0x00, 0x7F, 0xFF, 0xFF, 0xFC, 0x00, 0x00,
  0xFF, 0xFF, 0xFF, 0x80, 0x00, 0x00, 0xFF, 0xFF, 0xF0, 0x00, 0x00, 0x00,
  0x7F, 0xF8, 0x00, 0x00, 0x00, 0x01, 0xFF, 0x00, 0x00, 0x00, 0x1F, 0xFF,
  0xC0, 0x00, 0x00, 0xFF, 0xFF, 0xE0, 0x00, 0x07, 0xFF, 0xFF, 0xF0, 0x00,
  0x1F, 0xFF, 0xFF, 0xF0, 0x00, 0x7F, 0xFF, 0xFF, 0xF0, 0x01, 0xFF, 0xFF,
  0xFF, 0xF0, 0x07, 0xFF, 0xFF, 0xFF, 0xF0, 0x1F, 0xFF, 0xFF, 0xFF, 0xF0,
  0x3F, 0xFF, 0xFF, 0xFF, 0xE0, 0xFF, 0xFF, 0xFF, 0xFF, 0xE1, 0xFF, 0xF8,
  0x0F, 0xFF, 0xE7, 0xFF, 0xE0, 0x07, 0xFF, 0xCF, 0xFF, 0x00, 0x07, 0xFF,
  0x9F, 0xFE, 0x00, 0x07, 0xFF, 0xFF, 0xF8, 0x00, 0x0F, 0xFF, 0xFF, 0xF0,
  0x00, 0x0F, 0xFF, 0xFF, 0xC0, 0x00, 0x1F, 0xFF, 0xFF, 0x80, 0x00, 0x3F,
  0xFF, 0xFF, 0x00, 0x00, 0x7F, 0xFF, 0xFE, 0x00, 0x00, 0xFF, 0xFF, 0xFC,
  0x00, 0x01, 0xFF, 0xFF, 0xFC, 0x00, 0x03, 0xFF, 0xFF, 0xF8, 0x00, 0x0F,
  0xFF, 0x7F, 0xF8, 0x00, 0x1F, 0xFE, 0xFF, 0xF8, 0x00, 0x7F, 0xF9, 0xFF,
  0xF8, 0x01, 0xFF, 0xF1, 0xFF, 0xFC, 0x0F, 0xFF, 0xE3, 0xFF, 0xFF, 0xFF,
  0xFF, 0x83, 0xFF, 0xFF, 0xFF, 0xFF, 0x07, 0xFF, 0xFF, 0xFF, 0xFC, 0x07,
  0xFF, 0xFF, 0xFF, 0xF8, 0x07, 0xFF, 0xFF, 0xFF, 0xE0, 0x07, 0xFF, 0xFF,
  0xFF, 0xC0, 0x07, 0xFF, 0xFF, 0xFF, 0x00, 0x07, 0xFF, 0xFF, 0xFE, 0x00,
  0x03, 0xFF, 0xFF, 0xF8, 0x00, 0x01, 0xFF, 0xFF, 0xF0, 0x00, 0x00, 0xFF,
  0xFF, 0xC0, 0x00, 0x00, 0x07, 0xFF, 0x80, 0x00, 0x00, 0x1F, 0xFF, 0x00,
  0x00, 0x00, 0x3F, 0xFC, 0x00, 0x00, 0x00, 0xFF, 0xF8, 0x00, 0x00, 0x01,
  0xFF, 0xE0, 0x00, 0x00, 0x07, 0xFF, 0xC0, 0x00, 0x00, 0x0F, 0xFF, 0x00,
  0x00, 0x00, 0x3F, 0xFE, 0x00, 0x00, 0x00, 0x7F, 0xF8, 0x00, 0x00, 0x01,
  0xFF, 0xF0, 0x00, 0x00, 0x07, 0xFF, 0xC0, 0x00, 0x00, 0x0F, 0xFF, 0x80,
  0x00, 0x00, 0x3F, 0xFE, 0x00, 0x00, 0x00, 0x7F, 0xFC, 0x00, 0x00, 0x01,
  0xFF, 0xF0, 0x00, 0x00, 0x03, 0xFF, 0xE0, 0x00, 0x00, 0x0F, 0xFF, 0x80,
  0x00, 0x07, 0xE0, 0x1F, 0xF8, 0x3F, 0xFC, 0x7F, 0xFE, 0x7F, 0xFE, 0xFF,
  0xFF, 0xFF, 0xFF, 0xFF, 0xFF, 0xFF, 0xFF, 0xFF, 0xFF, 0xFF, 0xFF, 0x7F,
  0xFE, 0x7F, 0xFE, 0x3F, 0xFC, 0x1F, 0xF8, 0x07, 0xE0, 0x00, 0x00, 0x00,
  0x00, 0x00, 0x00, 0x00, 0x00, 0x00, 0x00, 0x00, 0x00, 0x00, 0x00, 0x00,
  0x00, 0x00, 0x00, 0x00, 0x00, 0x00, 0x00, 0x07, 0xE0, 0x1F, 0xF8, 0x3F,
  0xFC, 0x7F, 0xFE, 0x7F, 0xFE, 0xFF, 0xFF, 0xFF, 0xFF, 0xFF, 0xFF, 0xFF,
  0xFF, 0xFF, 0xFF, 0xFF, 0xFF, 0x7F, 0xFE, 0x7F, 0xFE, 0x3F, 0xFC, 0x1F,
  0xF8, 0x07, 0xE0, 0x07, 0xE0, 0x1F, 0xF8, 0x3F, 0xFC, 0x7F, 0xFE, 0x7F,
  0xFE, 0xFF, 0xFF, 0xFF, 0xFF, 0xFF, 0xFF, 0xFF, 0xFF, 0xFF, 0xFF, 0xFF,
  0xFF, 0x7F, 0xFE, 0x7F, 0xFE, 0x3F, 0xFC, 0x1F, 0xF8, 0x07, 0xE0, 0x00,
  0x00, 0x00, 0x00, 0x00, 0x00, 0x00, 0x00, 0x00, 0x00, 0x00, 0x00, 0x00,
  0x00, 0x00, 0x00, 0x00, 0x00, 0x00, 0x00, 0x00, 0x00, 0x07, 0xE0, 0x1F,
  0xF8, 0x3F, 0xFC, 0x7F, 0xFE, 0x7F, 0xFE, 0xFF, 0xFF, 0xFF, 0xFF, 0xFF,
  0xFF, 0xFF, 0xFF, 0xFF, 0xFF, 0xFF, 0xFF, 0x7F, 0xFE, 0x7F, 0xFE, 0x3F,
  0xFC, 0x1F, 0xFC, 0x07, 0xFC, 0x03, 0xF8, 0x07, 0xF8, 0x07, 0xF8, 0x07,
  0xF0, 0x0F, 0xF0, 0x0F, 0xE0, 0x0F, 0xE0, 0x1F, 0xE0, 0x1F, 0xC0, 0x3F,
  0xC0, 0x3F, 0x80, 0x00, 0x00, 0x00, 0x00, 0x00, 0x80, 0x00, 0x00, 0x00,
  0x01, 0xC0, 0x00, 0x00, 0x00, 0x07, 0xE0, 0x00, 0x00, 0x00, 0x0F, 0xF0,
  0x00, 0x00, 0x00, 0x1F, 0xF8, 0x00, 0x00, 0x00, 0x7F, 0xFC, 0x00, 0x00,
  0x00, 0xFF, 0xFE, 0x00, 0x00, 0x01, 0xFF, 0xFF, 0x00, 0x00, 0x07, 0xFF,
  0xFF, 0x80, 0x00, 0x0F, 0xFF, 0xFF, 0xC0, 0x00, 0x1F, 0xFF, 0xFF, 0xE0,
  0x00, 0x7F, 0xFF, 0xFF, 0xF0, 0x00, 0xFF, 0xFF, 0xFF, 0xE0, 0x01, 0xFF,
  0xFF, 0xFF, 0x80, 0x07, 0xFF, 0xFF, 0xFE, 0x00, 0x0F, 0xFF, 0xFF, 0xFC,
  0x00, 0x1F, 0xFF, 0xFF, 0xF0, 0x00, 0x7F, 0xFF, 0xFF, 0xC0, 0x00, 0x3F,
  0xFF, 0xFF, 0x00, 0x00, 0x1F, 0xFF, 0xFE, 0x00, 0x00, 0x0F, 0xFF, 0xF8,
  0x00, 0x00, 0x07, 0xFF, 0xE0, 0x00, 0x00, 0x03, 0xFF, 0xFE, 0x00, 0x00,
  0x01, 0xFF, 0xFF, 0xE0, 0x00, 0x00, 0xFF, 0xFF, 0xFC, 0x00, 0x00, 0x7F,
  0xFF, 0xFF, 0xC0, 0x00, 0x0F, 0xFF, 0xFF, 0xFC, 0x00, 0x00, 0xFF, 0xFF,
  0xFF, 0x80, 0x00, 0x1F, 0xFF, 0xFF, 0xF8, 0x00, 0x03, 0xFF, 0xFF, 0xFF,
  0x80, 0x00, 0x3F, 0xFF, 0xFF, 0xF0, 0x00, 0x07, 0xFF, 0xFF, 0xFF, 0x00,
  0x00, 0xFF, 0xFF, 0xFF, 0x80, 0x00, 0x0F, 0xFF, 0xFF, 0xC0, 0x00, 0x01,
  0xFF, 0xFF, 0xE0, 0x00, 0x00, 0x3F, 0xFF, 0xF0, 0x00, 0x00, 0x03, 0xFF,
  0xF8, 0x00, 0x00, 0x00, 0x7F, 0xFC, 0x00, 0x00, 0x00, 0x0F, 0xFE, 0x00,
  0x00, 0x00, 0x00, 0xFF, 0x00, 0x00, 0x00, 0x00, 0x1F, 0x80, 0x00, 0x00,
  0x00, 0x03, 0xC0, 0x00, 0x00, 0x00, 0x00, 0x20, 0xFF, 0xFF, 0xFF, 0xFF,
  0xFF, 0xFF, 0xFF, 0xFF, 0xFF, 0xFF, 0xFF, 0xFF, 0xFF, 0xFF, 0xFF, 0xFF,
  0xFF, 0xFF, 0xFF, 0xFF, 0xFF, 0xFF, 0xFF, 0xFF, 0xFF, 0xFF, 0xFF, 0xFF,
  0xFF, 0xFF, 0xFF, 0xFF, 0xFF, 0xFF, 0xFF, 0xFF, 0xFF, 0xFF, 0xFF, 0xFF,
  0xFF, 0xFF, 0xFF, 0xFF, 0xFF, 0xFF, 0xFF, 0xFF, 0xFF, 0xFF, 0xFF, 0xFF,
  0xF0, 0x00, 0x00, 0x00, 0x00, 0x00, 0x00, 0x00, 0x00, 0x00, 0x00, 0x00,
  0x00, 0x00, 0x00, 0x00, 0x00, 0x00, 0x00, 0x00, 0x00, 0x00, 0x00, 0x00,
  0x00, 0x00, 0x03, 0xFF, 0xFF, 0xFF, 0xFF, 0xFF, 0xFF, 0xFF, 0xFF, 0xFF,
  0xFF, 0xFF, 0xFF, 0xFF, 0xFF, 0xFF, 0xFF, 0xFF, 0xFF, 0xFF, 0xFF, 0xFF,
  0xFF, 0xFF, 0xFF, 0xFF, 0xFF, 0xFF, 0xFF, 0xFF, 0xFF, 0xFF, 0xFF, 0xFF,
  0xFF, 0xFF, 0xFF, 0xFF, 0xFF, 0xFF, 0xFF, 0xFF, 0xFF, 0xFF, 0xFF, 0xFF,
  0xFF, 0xFF, 0xFF, 0xFF, 0xFF, 0xFF, 0xFF, 0xFF, 0xFF, 0xFF, 0xFF, 0xFF,
  0xF0, 0x80, 0x00, 0x00, 0x00, 0x00, 0x70, 0x00, 0x00, 0x00, 0x00, 0x3F,
  0x00, 0x00, 0x00, 0x00, 0x1F, 0xE0, 0x00, 0x00, 0x00, 0x0F, 0xFC, 0x00,
  0x00, 0x00, 0x07, 0xFF, 0xC0, 0x00, 0x00, 0x03, 0xFF, 0xF8, 0x00, 0x00,
  0x01, 0xFF, 0xFF, 0x00, 0x00, 0x00, 0xFF, 0xFF, 0xF0, 0x00, 0x00, 0x7F,
  0xFF, 0xFE, 0x00, 0x00, 0x3F, 0xFF, 0xFF, 0xC0, 0x00, 0x1F, 0xFF, 0xFF,
  0xFC, 0x00, 0x03, 0xFF, 0xFF, 0xFF, 0x80, 0x00, 0x3F, 0xFF, 0xFF, 0xF0,
  0x00, 0x03, 0xFF, 0xFF, 0xFF, 0x00, 0x00, 0x7F, 0xFF, 0xFF, 0xE0, 0x00,
  0x07, 0xFF, 0xFF, 0xFC, 0x00, 0x00, 0x7F, 0xFF, 0xFF, 0xC0, 0x00, 0x07,
  0xFF, 0xFF, 0xE0, 0x00, 0x00, 0xFF, 0xFF, 0xF0, 0x00, 0x00, 0x0F, 0xFF,
  0xF8, 0x00, 0x00, 0x00, 0xFF, 0xFC, 0x00, 0x00, 0x03, 0xFF, 0xFE, 0x00,
  0x00, 0x07, 0xFF, 0xFF, 0x00, 0x00, 0x1F, 0xFF, 0xFF, 0x80, 0x00, 0x7F,
  0xFF, 0xFF, 0xC0, 0x01, 0xFF, 0xFF, 0xFF, 0x80, 0x03, 0xFF, 0xFF, 0xFE,
  0x00, 0x0F, 0xFF, 0xFF, 0xFC, 0x00, 0x3F, 0xFF, 0xFF, 0xF8, 0x00, 0x7F,
  0xFF, 0xFF, 0xE0, 0x01, 0xFF, 0xFF, 0xFF, 0xC0, 0x00, 0xFF, 0xFF, 0xFF,
  0x80, 0x00, 0x7F, 0xFF, 0xFE, 0x00, 0x00, 0x3F, 0xFF, 0xFC, 0x00, 0x00,
  0x1F, 0xFF, 0xF8, 0x00, 0x00, 0x0F, 0xFF, 0xE0, 0x00, 0x00, 0x07, 0xFF,
  0xC0, 0x00, 0x00, 0x03, 0xFF, 0x80, 0x00, 0x00, 0x01, 0xFE, 0x00, 0x00,
  0x00, 0x00, 0xFC, 0x00, 0x00, 0x00, 0x00, 0x78, 0x00, 0x00, 0x00, 0x00,
  0x20, 0x00, 0x00, 0x00, 0x00, 0x00, 0x00, 0x00, 0xFF, 0xF0, 0x00, 0x00,
  0x01, 0xFF, 0xFF, 0xE0, 0x00, 0x01, 0xFF, 0xFF, 0xFF, 0x80, 0x00, 0x7F,
  0xFF, 0xFF, 0xFC, 0x00, 0x3F, 0xFF, 0xFF, 0xFF, 0xC0, 0x0F, 0xFF, 0xFF,
  0xFF, 0xFE, 0x03, 0xFF, 0xFF, 0xFF, 0xFF, 0xE0, 0xFF, 0xFF, 0xFF, 0xFF,
  0xFC, 0x3F, 0xFF, 0xFF, 0xFF, 0xFF, 0xCF, 0xFF, 0xFF, 0xFF, 0xFF, 0xF9,
  0xFF, 0xFE, 0x00, 0x7F, 0xFF, 0xFF, 0xFF, 0x00, 0x03, 0xFF, 0xF3, 0xFF,
  0xC0, 0x00, 0x3F, 0xFE, 0x0F, 0xF0, 0x00, 0x07, 0xFF, 0xC0, 0x7C, 0x00,
  0x00, 0xFF, 0xF8, 0x01, 0x80, 0x00, 0x1F, 0xFF, 0x00, 0x00, 0x00, 0x03,
  0xFF, 0xE0, 0x00, 0x00, 0x00, 0xFF, 0xFC, 0x00, 0x00, 0x00, 0x7F, 0xFF,
  0x80, 0x00, 0x00, 0x3F, 0xFF, 0xE0, 0x00, 0x00, 0x1F, 0xFF, 0xFC, 0x00,
  0x00, 0x0F, 0xFF, 0xFF, 0x00, 0x00, 0x07, 0xFF, 0xFF, 0xC0, 0x00, 0x01,
  0xFF, 0xFF, 0xF0, 0x00, 0x00, 0x7F, 0xFF, 0xFC, 0x00, 0x00, 0x3F, 0xFF,
  0xFF, 0x00, 0x00, 0x07, 0xFF, 0xFF, 0x80, 0x00, 0x01, 0xFF, 0xFF, 0xC0,
  0x00, 0x00, 0x3F, 0xFF, 0xE0, 0x00, 0x00, 0x0F, 0xFF, 0xF0, 0x00, 0x00,
  0x01, 0xFF, 0xFC, 0x00, 0x00, 0x00, 0x3F, 0xFE, 0x00, 0x00, 0x00, 0x0F,
  0xFF, 0xC0, 0x00, 0x00, 0x01, 0xFF, 0xF0, 0x00, 0x00, 0x00, 0x3F, 0xFE,
  0x00, 0x00, 0x00, 0x07, 0xFF, 0xC0, 0x00, 0x00, 0x00, 0x00, 0x00, 0x00,
  0x00, 0x00, 0x00, 0x00, 0x00, 0x00, 0x00, 0x00, 0x00, 0x00, 0x00, 0x00,
  0x00, 0x00, 0x00, 0x00, 0x00, 0x00, 0x00, 0x00, 0x00, 0x00, 0x00, 0x00,
  0x1F, 0x80, 0x00, 0x00, 0x00, 0x0F, 0xF8, 0x00, 0x00, 0x00, 0x03, 0xFF,
  0xC0, 0x00, 0x00, 0x00, 0xFF, 0xF8, 0x00, 0x00, 0x00, 0x3F, 0xFF, 0x80,
  0x00, 0x00, 0x07, 0xFF, 0xF0, 0x00, 0x00, 0x00, 0xFF, 0xFE, 0x00, 0x00,
  0x00, 0x1F, 0xFF, 0xE0, 0x00, 0x00, 0x03, 0xFF, 0xFC, 0x00, 0x00, 0x00,
  0x7F, 0xFF, 0x00, 0x00, 0x00, 0x0F, 0xFF, 0xE0, 0x00, 0x00, 0x01, 0xFF,
  0xFC, 0x00, 0x00, 0x00, 0x1F, 0xFF, 0x00, 0x00, 0x00, 0x01, 0xFF, 0xC0,
  0x00, 0x00, 0x00, 0x1F, 0xF0, 0x00, 0x00, 0x00, 0x00, 0xF8, 0x00, 0x00,
  0x00, 0x00, 0x00, 0x01, 0xFF, 0xC0, 0x00, 0x00, 0x00, 0x00, 0x1F, 0xFF,
  0xFC, 0x00, 0x00, 0x00, 0x00, 0x7F, 0xFF, 0xFF, 0x00, 0x00, 0x00, 0x01,
  0xFF, 0xFF, 0xFF, 0xC0, 0x00, 0x00, 0x07, 0xFF, 0xFF, 0xFF, 0xF0, 0x00,
  0x00, 0x0F, 0xFF, 0xFF, 0xFF, 0xF8, 0x00, 0x00, 0x3F, 0xFE, 0x00, 0x7F,
  0xFC, 0x00, 0x00, 0x7F, 0xF0, 0x00, 0x0F, 0xFF, 0x00, 0x00, 0xFF, 0xC0,
  0x00, 0x01, 0xFF, 0x80, 0x01, 0xFF, 0x00, 0x00, 0x00, 0xFF, 0x80, 0x03,
  0xFE, 0x00, 0x00, 0x00, 0x3F, 0xC0, 0x07, 0xF8, 0x00, 0x00, 0x00, 0x1F,
  0xE0, 0x07, 0xF0, 0x00, 0x00, 0x00, 0x0F, 0xF0, 0x0F, 0xE0, 0x00, 0x00,
  0x00, 0x07, 0xF0, 0x0F, 0xC0, 0x00, 0x7F, 0xE0, 0x03, 0xF8, 0x1F, 0xC0,
  0x07, 0xFF, 0xFE, 0x03, 0xF8, 0x3F, 0x80, 0x0F, 0xFF, 0xFE, 0x01, 0xFC,
  0x3F, 0x00, 0x3F, 0xFF, 0xFE, 0x00, 0xFC, 0x3F, 0x00, 0x7F, 0xFF, 0xFE,
  0x00, 0xFE, 0x7E, 0x00, 0xFF, 0xFF, 0xFE, 0x00, 0xFE, 0x7E, 0x00, 0xFF,
  0xFF, 0xFE, 0x00, 0x7E, 0x7E, 0x01, 0xFF, 0x81, 0xFE, 0x00, 0x7E, 0xFC,
  0x01, 0xFF, 0x01, 0xFE, 0x00, 0x7F, 0xFC, 0x03, 0xFE, 0x01, 0xFE, 0x00,
  0x7F, 0xFC, 0x03, 0xFC, 0x01, 0xFE, 0x00, 0x3F, 0xFC, 0x03, 0xFC, 0x01,
  0xFE, 0x00, 0x3F, 0xFC, 0x03, 0xFC, 0x01, 0xFE, 0x00, 0x3F, 0xFC, 0x03,
  0xF8, 0x01, 0xFE, 0x00, 0x3F, 0xFC, 0x07, 0xF8, 0x01, 0xFE, 0x00, 0x7F,
  0xFC, 0x07, 0xF8, 0x01, 0xFE, 0x00, 0x7F, 0xFC, 0x07, 0xF8, 0x01, 0xFE,
  0x00, 0x7F, 0xFC, 0x07, 0xFC, 0x01, 0xFE, 0x00, 0x7E, 0xFC, 0x03, 0xFC,
  0x03, 0xFE, 0x00, 0xFE, 0xFC, 0x03, 0xFE, 0x07, 0xFF, 0x00, 0xFE, 0xFC,
  0x03, 0xFF, 0x0F, 0xFF, 0x01, 0xFE, 0x7E, 0x03, 0xFF, 0xFF, 0xFF, 0xC3,
  0xFC, 0x7E, 0x01, 0xFF, 0xFF, 0xFF, 0xFF, 0xFC, 0x7E, 0x01, 0xFF, 0xFF,
  0xFF, 0xFF, 0xF8, 0x3F, 0x00, 0xFF, 0xFF, 0xDF, 0xFF, 0xF0, 0x3F, 0x00,
  0x7F, 0xFF, 0x9F, 0xFF, 0xE0, 0x3F, 0x80, 0x3F, 0xFF, 0x0F, 0xFF, 0xC0,
  0x1F, 0xC0, 0x1F, 0xFC, 0x07, 0xFF, 0x80, 0x1F, 0xC0, 0x07, 0xF0, 0x00,
  0xFC, 0x00, 0x0F, 0xE0, 0x00, 0x00, 0x00, 0x00, 0x00, 0x07, 0xF0, 0x00,
  0x00, 0x00, 0x00, 0x00, 0x07, 0xF8, 0x00, 0x00, 0x00, 0x00, 0x00, 0x03,
  0xFE, 0x00, 0x00, 0x00, 0x00, 0x00, 0x01, 0xFF, 0x00, 0x00, 0x00, 0x00,
  0x00, 0x00, 0xFF, 0xC0, 0x00, 0x02, 0x00, 0x00, 0x00, 0x7F, 0xF0, 0x00,
  0x0E, 0x00, 0x00, 0x00, 0x3F, 0xFF, 0x00, 0x7E, 0x00, 0x00, 0x00, 0x1F,
  0xFF, 0xFF, 0xFE, 0x00, 0x00, 0x00, 0x07, 0xFF, 0xFF, 0xFE, 0x00, 0x00,
  0x00, 0x01, 0xFF, 0xFF, 0xFE, 0x00, 0x00, 0x00, 0x00, 0x7F, 0xFF, 0xFE,
  0x00, 0x00, 0x00, 0x00, 0x1F, 0xFF, 0xF8, 0x00, 0x00, 0x00, 0x00, 0x01,
  0xFF, 0x80, 0x00, 0x00, 0x00, 0x00, 0x07, 0xFF, 0xF0, 0x00, 0x00, 0x00,
  0x00, 0x07, 0xFF, 0xF0, 0x00, 0x00, 0x00, 0x00, 0x0F, 0xFF, 0xF0, 0x00,
  0x00, 0x00, 0x00, 0x0F, 0xFF, 0xF8, 0x00, 0x00, 0x00, 0x00, 0x1F, 0xFF,
  0xF8, 0x00, 0x00, 0x00, 0x00, 0x1F, 0xFF, 0xFC, 0x00, 0x00, 0x00, 0x00,
  0x1F, 0xFF, 0xFC, 0x00, 0x00, 0x00, 0x00, 0x3F, 0xFF, 0xFC, 0x00, 0x00,
  0x00, 0x00, 0x3F, 0xFF, 0xFE, 0x00, 0x00, 0x00, 0x00, 0x3F, 0xFF, 0xFE,
  0x00, 0x00, 0x00, 0x00, 0x7F, 0xFF, 0xFE, 0x00, 0x00, 0x00, 0x00, 0x7F,
  0xFF, 0xFF, 0x00, 0x00, 0x00, 0x00, 0xFF, 0xFF, 0xFF, 0x00, 0x00, 0x00,
  0x00, 0xFF, 0xFF, 0xFF, 0x80, 0x00, 0x00, 0x00, 0xFF, 0xFF, 0xFF, 0x80,
  0x00, 0x00, 0x01, 0xFF, 0xF7, 0xFF, 0x80, 0x00, 0x00, 0x01, 0xFF, 0xE7,
  0xFF, 0xC0, 0x00, 0x00, 0x01, 0xFF, 0xE3, 0xFF, 0xC0, 0x00, 0x00, 0x03,
  0xFF, 0xE3, 0xFF, 0xC0, 0x00, 0x00, 0x03, 0xFF, 0xC3, 0xFF, 0xE0, 0x00,
  0x00, 0x07, 0xFF, 0xC1, 0xFF, 0xE0, 0x00, 0x00, 0x07, 0xFF, 0xC1, 0xFF,
  0xF0, 0x00, 0x00, 0x07, 0xFF, 0x81, 0xFF, 0xF0, 0x00, 0x00, 0x0F, 0xFF,
  0x80, 0xFF, 0xF0, 0x00, 0x00, 0x0F, 0xFF, 0x80, 0xFF, 0xF8, 0x00, 0x00,
  0x0F, 0xFF, 0x00, 0xFF, 0xF8, 0x00, 0x00, 0x1F, 0xFF, 0x00, 0x7F, 0xF8,
  0x00, 0x00, 0x1F, 0xFF, 0x00, 0x7F, 0xFC, 0x00, 0x00, 0x3F, 0xFE, 0x00,
  0x7F, 0xFC, 0x00, 0x00, 0x3F, 0xFE, 0x00, 0x3F, 0xFE, 0x00, 0x00, 0x3F,
  0xFE, 0x00, 0x3F, 0xFE, 0x00, 0x00, 0x7F, 0xFC, 0x00, 0x3F, 0xFE, 0x00,
  0x00, 0x7F, 0xFC, 0x00, 0x1F, 0xFF, 0x00, 0x00, 0x7F, 0xF8, 0x00, 0x1F,
  0xFF, 0x00, 0x00, 0xFF, 0xFF, 0xFF, 0xFF, 0xFF, 0x00, 0x00, 0xFF, 0xFF,
  0xFF, 0xFF, 0xFF, 0x80, 0x01, 0xFF, 0xFF, 0xFF, 0xFF, 0xFF, 0x80, 0x01,
  0xFF, 0xFF, 0xFF, 0xFF, 0xFF, 0xC0, 0x01, 0xFF, 0xFF, 0xFF, 0xFF, 0xFF,
  0xC0, 0x03, 0xFF, 0xFF, 0xFF, 0xFF, 0xFF, 0xC0, 0x03, 0xFF, 0xFF, 0xFF,
  0xFF, 0xFF, 0xE0, 0x07, 0xFF, 0xFF, 0xFF, 0xFF, 0xFF, 0xE0, 0x07, 0xFF,
  0xFF, 0xFF, 0xFF, 0xFF, 0xE0, 0x07, 0xFF, 0xFF, 0xFF, 0xFF, 0xFF, 0xF0,
  0x0F, 0xFF, 0xFF, 0xFF, 0xFF, 0xFF, 0xF0, 0x0F, 0xFF, 0xC0, 0x00, 0x01,
  0xFF, 0xF8, 0x0F, 0xFF, 0x80, 0x00, 0x01, 0xFF, 0xF8, 0x1F, 0xFF, 0x80,
  0x00, 0x00, 0xFF, 0xF8, 0x1F, 0xFF, 0x80, 0x00, 0x00, 0xFF, 0xFC, 0x3F,
  0xFF, 0x00, 0x00, 0x00, 0xFF, 0xFC, 0x3F, 0xFF, 0x00, 0x00, 0x00, 0x7F,
  0xFC, 0x3F, 0xFF, 0x00, 0x00, 0x00, 0x7F, 0xFE, 0x7F, 0xFE, 0x00, 0x00,
  0x00, 0x7F, 0xFE, 0x7F, 0xFE, 0x00, 0x00, 0x00, 0x3F, 0xFF, 0xFF, 0xFE,
  0x00, 0x00, 0x00, 0x3F, 0xFF, 0xFF, 0xFF, 0xFF, 0xFE, 0x00, 0x01, 0xFF,
  0xFF, 0xFF, 0xFF, 0xC0, 0x03, 0xFF, 0xFF, 0xFF, 0xFF, 0xF0, 0x07, 0xFF,
  0xFF, 0xFF, 0xFF, 0xF0, 0x0F, 0xFF, 0xFF, 0xFF, 0xFF, 0xF8, 0x1F, 0xFF,
  0xFF, 0xFF, 0xFF, 0xF8, 0x3F, 0xFF, 0xFF, 0xFF, 0xFF, 0xF0, 0x7F, 0xFF,
  0xFF, 0xFF, 0xFF, 0xF0, 0xFF, 0xFF, 0xFF, 0xFF, 0xFF, 0xE1, 0xFF, 0xFF,
  0xFF, 0xFF, 0xFF, 0xE3, 0xFF, 0xFF, 0xFF, 0xFF, 0xFF, 0xC7, 0xFF, 0xC0,
  0x00, 0xFF, 0xFF, 0x8F, 0xFF, 0x80, 0x00, 0x7F, 0xFF, 0x1F, 0xFF, 0x00,
  0x00, 0x7F, 0xFE, 0x3F, 0xFE, 0x00, 0x00, 0x7F, 0xFC, 0x7F, 0xFC, 0x00,
  0x00, 0xFF, 0xF8, 0xFF, 0xF8, 0x00, 0x01, 0xFF, 0xF1, 0xFF, 0xF0, 0x00,
  0x03, 0xFF, 0xE3, 0xFF, 0xE0, 0x00, 0x07, 0xFF, 0xC7, 0xFF, 0xC0, 0x00,
  0x1F, 0xFF, 0x8F, 0xFF, 0x80, 0x00, 0x7F, 0xFE, 0x1F, 0xFF, 0x00, 0x03,
  0xFF, 0xF8, 0x3F, 0xFF, 0xFF, 0xFF, 0xFF, 0xF0, 0x7F, 0xFF, 0xFF, 0xFF,
  0xFF, 0xC0, 0xFF, 0xFF, 0xFF, 0xFF, 0xFF, 0x01, 0xFF, 0xFF, 0xFF, 0xFF,
  0xFC, 0x03, 0xFF, 0xFF, 0xFF, 0xFF, 0xF8, 0x07, 0xFF, 0xFF, 0xFF, 0xFF,
  0xFC, 0x0F, 0xFF, 0xFF, 0xFF, 0xFF, 0xFC, 0x1F, 0xFF, 0xFF, 0xFF, 0xFF,
  0xFE, 0x3F, 0xFF, 0xFF, 0xFF, 0xFF, 0xFC, 0x7F, 0xFF, 0xFF, 0xFF, 0xFF,
  0xFC, 0xFF, 0xF8, 0x00, 0x07, 0xFF, 0xFD, 0xFF, 0xF0, 0x00, 0x03, 0xFF,
  0xFB, 0xFF, 0xE0, 0x00, 0x03, 0xFF, 0xF7, 0xFF, 0xC0, 0x00, 0x07, 0xFF,
  0xEF, 0xFF, 0x80, 0x00, 0x07, 0xFF, 0xFF, 0xFF, 0x00, 0x00, 0x0F, 0xFF,
  0xFF, 0xFE, 0x00, 0x00, 0x1F, 0xFF, 0xFF, 0xFC, 0x00, 0x00, 0x3F, 0xFF,
  0xFF, 0xF8, 0x00, 0x00, 0xFF, 0xFD, 0xFF, 0xF0, 0x00, 0x01, 0xFF, 0xFB,
  0xFF, 0xE0, 0x00, 0x07, 0xFF, 0xF7, 0xFF, 0xC0, 0x00, 0x3F, 0xFF, 0xEF,
  0xFF, 0xFF, 0xFF, 0xFF, 0xFF, 0xDF, 0xFF, 0xFF, 0xFF, 0xFF, 0xFF, 0x3F,
  0xFF, 0xFF, 0xFF, 0xFF, 0xFE, 0x7F, 0xFF, 0xFF, 0xFF, 0xFF, 0xF8, 0xFF,
  0xFF, 0xFF, 0xFF, 0xFF, 0xE1, 0xFF, 0xFF, 0xFF, 0xFF, 0xFF, 0x83, 0xFF,
  0xFF, 0xFF, 0xFF, 0xFE, 0x07, 0xFF, 0xFF, 0xFF, 0xFF, 0xF8, 0x0F, 0xFF,
  0xFF, 0xFF, 0xFF, 0xC0, 0x1F, 0xFF, 0xFF, 0xFF, 0xFE, 0x00, 0x3F, 0xFF,
  0xFF, 0xFF, 0xC0, 0x00, 0x00, 0x00, 0x00, 0x07, 0xFF, 0x80, 0x00, 0x00,
  0x00, 0x1F, 0xFF, 0xFE, 0x00, 0x00, 0x00, 0x1F, 0xFF, 0xFF, 0xE0, 0x00,
  0x00, 0x1F, 0xFF, 0xFF, 0xFE, 0x00, 0x00, 0x1F, 0xFF, 0xFF, 0xFF, 0xC0,
  0x00, 0x0F, 0xFF, 0xFF, 0xFF, 0xFC, 0x00, 0x07, 0xFF, 0xFF, 0xFF, 0xFF,
  0x80, 0x03, 0xFF, 0xFF, 0xFF, 0xFF, 0xF0, 0x01, 0xFF, 0xFF, 0xFF, 0xFF,
  0xFE, 0x00, 0xFF, 0xFF, 0xFF, 0xFF, 0xFF, 0xC0, 0x7F, 0xFF, 0xFF, 0xFF,
  0xFF, 0xF0, 0x3F, 0xFF, 0xFC, 0x07, 0xFF, 0xFE, 0x0F, 0xFF, 0xF8, 0x00,
  0x3F, 0xFF, 0xC7, 0xFF, 0xFC, 0x00, 0x07, 0xFF, 0xF1, 0xFF, 0xFC, 0x00,
  0x00, 0xFF, 0xE0, 0xFF, 0xFF, 0x00, 0x00, 0x1F, 0xC0, 0x3F, 0xFF, 0x80,
  0x00, 0x03, 0xC0, 0x1F, 0xFF, 0xC0, 0x00, 0x00, 0x80, 0x07, 0xFF, 0xF0,
  0x00, 0x00, 0x00, 0x01, 0xFF, 0xF8, 0x00, 0x00, 0x00, 0x00, 0x7F, 0xFE,
  0x00, 0x00, 0x00, 0x00, 0x3F, 0xFF, 0x00, 0x00, 0x00, 0x00, 0x0F, 0xFF,
  0xC0, 0x00, 0x00, 0x00, 0x03, 0xFF, 0xF0, 0x00, 0x00, 0x00, 0x00, 0xFF,
  0xFC, 0x00, 0x00, 0x00, 0x00, 0x3F, 0xFF, 0x00, 0x00, 0x00, 0x00, 0x0F,
  0xFF, 0xC0, 0x00, 0x00, 0x00, 0x03, 0xFF, 0xF0, 0x00, 0x00, 0x00, 0x00,
  0xFF, 0xFC, 0x00, 0x00, 0x00, 0x00, 0x3F, 0xFF, 0x00, 0x00, 0x00, 0x00,
  0x0F, 0xFF, 0xC0, 0x00, 0x00, 0x00, 0x03, 0xFF, 0xF0, 0x00, 0x00, 0x00,
  0x00, 0xFF, 0xFC, 0x00, 0x00, 0x00, 0x00, 0x3F, 0xFF, 0x00, 0x00, 0x00,
  0x00, 0x0F, 0xFF, 0xC0, 0x00, 0x00, 0x00, 0x03, 0xFF, 0xF0, 0x00, 0x00,
  0x00, 0x00, 0x7F, 0xFE, 0x00, 0x00, 0x00, 0x00, 0x1F, 0xFF, 0x80, 0x00,
  0x00, 0x00, 0x07, 0xFF, 0xF0, 0x00, 0x00, 0x00, 0x01, 0xFF, 0xFC, 0x00,
  0x00, 0x00, 0x00, 0x3F, 0xFF, 0x80, 0x00, 0x01, 0x00, 0x0F, 0xFF, 0xF0,
  0x00, 0x00, 0xF8, 0x01, 0xFF, 0xFE, 0x00, 0x00, 0x7F, 0xC0, 0x7F, 0xFF,
  0xC0, 0x00, 0x3F, 0xFE, 0x0F, 0xFF, 0xF8, 0x00, 0x3F, 0xFF, 0xC3, 0xFF,
  0xFF, 0xC0, 0x7F, 0xFF, 0xF0, 0x7F, 0xFF, 0xFF, 0xFF, 0xFF, 0xF8, 0x0F,
  0xFF, 0xFF, 0xFF, 0xFF, 0xFC, 0x03, 0xFF, 0xFF, 0xFF, 0xFF, 0xFE, 0x00,
  0x7F, 0xFF, 0xFF, 0xFF, 0xFF, 0x00, 0x0F, 0xFF, 0xFF, 0xFF, 0xFF, 0x80,
  0x01, 0xFF, 0xFF, 0xFF, 0xFF, 0xC0, 0x00, 0x1F, 0xFF, 0xFF, 0xFF, 0xE0,
  0x00, 0x03, 0xFF, 0xFF, 0xFF, 0xE0, 0x00, 0x00, 0x3F, 0xFF, 0xFF, 0xE0,
  0x00, 0x00, 0x01, 0xFF, 0xFF, 0xE0, 0x00, 0x00, 0x00, 0x07, 0xFF, 0x80,
  0x00, 0x00, 0xFF, 0xFF, 0xFF, 0xC0, 0x00, 0x00, 0x7F, 0xFF, 0xFF, 0xFF,
  0x00, 0x00, 0x3F, 0xFF, 0xFF, 0xFF, 0xF0, 0x00, 0x1F, 0xFF, 0xFF, 0xFF,
  0xFE, 0x00, 0x0F, 0xFF, 0xFF, 0xFF, 0xFF, 0xC0, 0x07, 0xFF, 0xFF, 0xFF,
  0xFF, 0xF8, 0x03, 0xFF, 0xFF, 0xFF, 0xFF, 0xFE, 0x01, 0xFF, 0xFF, 0xFF,
  0xFF, 0xFF, 0x80, 0xFF, 0xFF, 0xFF, 0xFF, 0xFF, 0xE0, 0x7F, 0xFF, 0xFF,
  0xFF, 0xFF, 0xF8, 0x3F, 0xFF, 0xFF, 0xFF, 0xFF, 0xFE, 0x1F, 0xFF, 0x00,
  0x1F, 0xFF, 0xFF, 0x0F, 0xFF, 0x80, 0x00, 0xFF, 0xFF, 0xC7, 0xFF, 0xC0,
  0x00, 0x1F, 0xFF, 0xF3, 0xFF, 0xE0, 0x00, 0x07, 0xFF, 0xF9, 0xFF, 0xF0,
  0x00, 0x01, 0xFF, 0xFC, 0xFF, 0xF8, 0x00, 0x00, 0x7F, 0xFF, 0x7F, 0xFC,
  0x00, 0x00, 0x1F, 0xFF, 0xBF, 0xFE, 0x00, 0x00, 0x0F, 0xFF, 0xDF, 0xFF,
  0x00, 0x00, 0x03, 0xFF, 0xFF, 0xFF, 0x80, 0x00, 0x01, 0xFF, 0xFF, 0xFF,
  0xC0, 0x00, 0x00, 0xFF, 0xFF, 0xFF, 0xE0, 0x00, 0x00, 0x3F, 0xFF, 0xFF,
  0xF0, 0x00, 0x00, 0x1F, 0xFF, 0xFF, 0xF8, 0x00, 0x00, 0x0F, 0xFF, 0xFF,
  0xFC, 0x00, 0x00, 0x07, 0xFF, 0xFF, 0xFE, 0x00, 0x00, 0x03, 0xFF, 0xFF,
  0xFF, 0x00, 0x00, 0x01, 0xFF, 0xFF, 0xFF, 0x80, 0x00, 0x00, 0xFF, 0xFF,
  0xFF, 0xC0, 0x00, 0x00, 0x7F, 0xFF, 0xFF, 0xE0, 0x00, 0x00, 0x3F, 0xFF,
  0xFF, 0xF0, 0x00, 0x00, 0x1F, 0xFF, 0xFF, 0xF8, 0x00, 0x00, 0x0F, 0xFF,
  0xFF, 0xFC, 0x00, 0x00, 0x0F, 0xFF, 0xFF, 0xFE, 0x00, 0x00, 0x07, 0xFF,
  0xFF, 0xFF, 0x00, 0x00, 0x03, 0xFF, 0xFF, 0xFF, 0x80, 0x00, 0x03, 0xFF,
  0xF7, 0xFF, 0xC0, 0x00, 0x01, 0xFF, 0xFB, 0xFF, 0xE0, 0x00, 0x01, 0xFF,
  0xFD, 0xFF, 0xF0, 0x00, 0x01, 0xFF, 0xFC, 0xFF, 0xF8, 0x00, 0x01, 0xFF,
  0xFE, 0x7F, 0xFC, 0x00, 0x01, 0xFF, 0xFF, 0x3F, 0xFE, 0x00, 0x03, 0xFF,
  0xFF, 0x1F, 0xFF, 0x00, 0x1F, 0xFF, 0xFF, 0x0F, 0xFF, 0xFF, 0xFF, 0xFF,
  0xFF, 0x87, 0xFF, 0xFF, 0xFF, 0xFF, 0xFF, 0x83, 0xFF, 0xFF, 0xFF, 0xFF,
  0xFF, 0x81, 0xFF, 0xFF, 0xFF, 0xFF, 0xFF, 0x80, 0xFF, 0xFF, 0xFF, 0xFF,
  0xFF, 0x80, 0x7F, 0xFF, 0xFF, 0xFF, 0xFF, 0x80, 0x3F, 0xFF, 0xFF, 0xFF,
  0xFF, 0x00, 0x1F, 0xFF, 0xFF, 0xFF, 0xFE, 0x00, 0x0F, 0xFF, 0xFF, 0xFF,
  0xFC, 0x00, 0x07, 0xFF, 0xFF, 0xFF, 0xF0, 0x00, 0x03, 0xFF, 0xFF, 0xFE,
  0x00, 0x00, 0x00, 0xFF, 0xFF, 0xFF, 0xFF, 0xFF, 0xFF, 0xFF, 0xFF, 0xFF,
  0xFF, 0xFF, 0xFF, 0xFF, 0xFF, 0xFF, 0xFF, 0xFF, 0xFF, 0xFF, 0xFF, 0xFF,
  0xFF, 0xFF, 0xFF, 0xFF, 0xFF, 0xFF, 0xFF, 0xFF, 0xFF, 0xFF, 0xFF, 0xFF,
  0xFF, 0xFF, 0xFF, 0xFF, 0xFF, 0xFF, 0xFF, 0xFF, 0xFF, 0xFF, 0xFF, 0xFF,
  0xFF, 0xFF, 0xFF, 0xFF, 0xFF, 0xFF, 0xFF, 0xFF, 0xFF, 0xFF, 0xFF, 0xFF,
  0xFF, 0xFF, 0xE0, 0x00, 0x00, 0x00, 0xFF, 0xF8, 0x00, 0x00, 0x00, 0x3F,
  0xFE, 0x00, 0x00, 0x00, 0x0F, 0xFF, 0x80, 0x00, 0x00, 0x03, 0xFF, 0xE0,
  0x00, 0x00, 0x00, 0xFF, 0xF8, 0x00, 0x00, 0x00, 0x3F, 0xFE, 0x00, 0x00,
  0x00, 0x0F, 0xFF, 0x80, 0x00, 0x00, 0x03, 0xFF, 0xE0, 0x00, 0x00, 0x00,
  0xFF, 0xF8, 0x00, 0x00, 0x00, 0x3F, 0xFF, 0xFF, 0xFF, 0x00, 0x0F, 0xFF,
  0xFF, 0xFF, 0xC0, 0x03, 0xFF, 0xFF, 0xFF, 0xF0, 0x00, 0xFF, 0xFF, 0xFF,
  0xFC, 0x00, 0x3F, 0xFF, 0xFF, 0xFF, 0x00, 0x0F, 0xFF, 0xFF, 0xFF, 0xC0,
  0x03, 0xFF, 0xFF, 0xFF, 0xF0, 0x00, 0xFF, 0xFF, 0xFF, 0xFC, 0x00, 0x3F,
  0xFF, 0xFF, 0xFF, 0x00, 0x0F, 0xFF, 0xFF, 0xFF, 0xC0, 0x03, 0xFF, 0xFF,
  0xFF, 0xF0, 0x00, 0xFF, 0xF8, 0x00, 0x00, 0x00, 0x3F, 0xFE, 0x00, 0x00,
  0x00, 0x0F, 0xFF, 0x80, 0x00, 0x00, 0x03, 0xFF, 0xE0, 0x00, 0x00, 0x00,
  0xFF, 0xF8, 0x00, 0x00, 0x00, 0x3F, 0xFE, 0x00, 0x00, 0x00, 0x0F, 0xFF,
  0x80, 0x00, 0x00, 0x03, 0xFF, 0xE0, 0x00, 0x00, 0x00, 0xFF, 0xF8, 0x00,
  0x00, 0x00, 0x3F, 0xFE, 0x00, 0x00, 0x00, 0x0F, 0xFF, 0x80, 0x00, 0x00,
  0x03, 0xFF, 0xE0, 0x00, 0x00, 0x00, 0xFF, 0xFF, 0xFF, 0xFF, 0xFF, 0xFF,
  0xFF, 0xFF, 0xFF, 0xFF, 0xFF, 0xFF, 0xFF, 0xFF, 0xFF, 0xFF, 0xFF, 0xFF,
  0xFF, 0xFF, 0xFF, 0xFF, 0xFF, 0xFF, 0xFF, 0xFF, 0xFF, 0xFF, 0xFF, 0xFF,
  0xFF, 0xFF, 0xFF, 0xFF, 0xFF, 0xFF, 0xFF, 0xFF, 0xFF, 0xFF, 0xFF, 0xFF,
  0xFF, 0xFF, 0xFF, 0xFF, 0xFF, 0xFF, 0xFF, 0xFF, 0xFF, 0xFF, 0xFF, 0xFF,
  0xFF, 0xFF, 0xFF, 0xFC, 0xFF, 0xFF, 0xFF, 0xFF, 0xFF, 0xFF, 0xFF, 0xFF,
  0xFF, 0xFF, 0xFF, 0xFF, 0xFF, 0xFF, 0xFF, 0xFF, 0xFF, 0xFF, 0xFF, 0xFF,
  0xFF, 0xFF, 0xFF, 0xFF, 0xFF, 0xFF, 0xFF, 0xFF, 0xFF, 0xFF, 0xFF, 0xFF,
  0xFF, 0xFF, 0xFF, 0xFF, 0xFF, 0xFF, 0xFF, 0xFF, 0xFF, 0xFF, 0xFF, 0xFF,
  0xFF, 0xFF, 0xFF, 0xFF, 0xFF, 0xFF, 0xFF, 0xFF, 0xFF, 0xFF, 0xFF, 0xC0,
  0x00, 0x00, 0x0F, 0xFF, 0x80, 0x00, 0x00, 0x1F, 0xFF, 0x00, 0x00, 0x00,
  0x3F, 0xFE, 0x00, 0x00, 0x00, 0x7F, 0xFC, 0x00, 0x00, 0x00, 0xFF, 0xF8,
  0x00, 0x00, 0x01, 0xFF, 0xF0, 0x00, 0x00, 0x03, 0xFF, 0xE0, 0x00, 0x00,
  0x07, 0xFF, 0xC0, 0x00, 0x00, 0x0F, 0xFF, 0x80, 0x00, 0x00, 0x1F, 0xFF,
  0xFF, 0xFF, 0xFF, 0xFF, 0xFF, 0xFF, 0xFF, 0xFF, 0xFF, 0xFF, 0xFF, 0xFF,
  0xFF, 0xFF, 0xFF, 0xFF, 0xFF, 0xFF, 0xFF, 0xFF, 0xFF, 0xFF, 0xFF, 0xFF,
  0xFF, 0xFF, 0xFF, 0xFF, 0xFF, 0xFF, 0xFF, 0xFF, 0xFF, 0xFF, 0xFF, 0xFF,
  0xFF, 0xFF, 0xFF, 0xFF, 0xFF, 0xFF, 0xFF, 0xFF, 0xFF, 0xFF, 0xFF, 0xFF,
  0xFF, 0xFF, 0xFF, 0xFF, 0xFF, 0xF8, 0x00, 0x00, 0x01, 0xFF, 0xF0, 0x00,
  0x00, 0x03, 0xFF, 0xE0, 0x00, 0x00, 0x07, 0xFF, 0xC0, 0x00, 0x00, 0x0F,
  0xFF, 0x80, 0x00, 0x00, 0x1F, 0xFF, 0x00, 0x00, 0x00, 0x3F, 0xFE, 0x00,
  0x00, 0x00, 0x7F, 0xFC, 0x00, 0x00, 0x00, 0xFF, 0xF8, 0x00, 0x00, 0x01,
  0xFF, 0xF0, 0x00, 0x00, 0x03, 0xFF, 0xE0, 0x00, 0x00, 0x07, 0xFF, 0xC0,
  0x00, 0x00, 0x0F, 0xFF, 0x80, 0x00, 0x00, 0x1F, 0xFF, 0x00, 0x00, 0x00,
  0x3F, 0xFE, 0x00, 0x00, 0x00, 0x7F, 0xFC, 0x00, 0x00, 0x00, 0xFF, 0xF8,
  0x00, 0x00, 0x01, 0xFF, 0xF0, 0x00, 0x00, 0x03, 0xFF, 0xE0, 0x00, 0x00,
  0x07, 0xFF, 0xC0, 0x00, 0x00, 0x0F, 0xFF, 0x80, 0x00, 0x00, 0x1F, 0xFF,
  0x00, 0x00, 0x00, 0x3F, 0xFE, 0x00, 0x00, 0x00, 0x00, 0x00, 0x00, 0x03,
  0xFF, 0xC0, 0x00, 0x00, 0x00, 0x01, 0xFF, 0xFF, 0xC0, 0x00, 0x00, 0x00,
  0x7F, 0xFF, 0xFF, 0xC0, 0x00, 0x00, 0x0F, 0xFF, 0xFF, 0xFF, 0x80, 0x00,
  0x01, 0xFF, 0xFF, 0xFF, 0xFE, 0x00, 0x00, 0x1F, 0xFF, 0xFF, 0xFF, 0xFC,
  0x00, 0x01, 0xFF, 0xFF, 0xFF, 0xFF, 0xF0, 0x00, 0x1F, 0xFF, 0xFF, 0xFF,
  0xFF, 0xC0, 0x01, 0xFF, 0xFF, 0xFF, 0xFF, 0xFF, 0x00, 0x1F, 0xFF, 0xFF,
  0xFF, 0xFF, 0xF8, 0x01, 0xFF, 0xFF, 0xFF, 0xFF, 0xFF, 0xE0, 0x1F, 0xFF,
  0xFE, 0x01, 0xFF, 0xFF, 0x80, 0xFF, 0xFF, 0x80, 0x03, 0xFF, 0xF0, 0x0F,
  0xFF, 0xF8, 0x00, 0x07, 0xFC, 0x00, 0x7F, 0xFF, 0x00, 0x00, 0x1F, 0x80,
  0x07, 0xFF, 0xF8, 0x00, 0x00, 0x60, 0x00, 0x3F, 0xFF, 0x80, 0x00, 0x00,
  0x00, 0x01, 0xFF, 0xF8, 0x00, 0x00, 0x00, 0x00, 0x1F, 0xFF, 0xC0, 0x00,
  0x00, 0x00, 0x00, 0xFF, 0xFC, 0x00, 0x00, 0x00, 0x00, 0x07, 0xFF, 0xE0,
  0x00, 0x00, 0x00, 0x00, 0x7F, 0xFE, 0x00, 0x00, 0x00, 0x00, 0x03, 0xFF,
  0xF0, 0x00, 0x00, 0x00, 0x00, 0x1F, 0xFF, 0x80, 0x00, 0x00, 0x00, 0x00,
  0xFF, 0xFC, 0x00, 0x00, 0x00, 0x00, 0x07, 0xFF, 0xE0, 0x00, 0x7F, 0xFF,
  0xFF, 0xFF, 0xFF, 0x00, 0x03, 0xFF, 0xFF, 0xFF, 0xFF, 0xF8, 0x00, 0x1F,
  0xFF, 0xFF, 0xFF, 0xFF, 0xC0, 0x00, 0xFF, 0xFF, 0xFF, 0xFF, 0xFE, 0x00,
  0x07, 0xFF, 0xFF, 0xFF, 0xFF, 0xF0, 0x00, 0x3F, 0xFF, 0xFF, 0xFF, 0xFF,
  0x80, 0x01, 0xFF, 0xFF, 0xFF, 0xFF, 0xFC, 0x00, 0x0F, 0xFF, 0xFF, 0xFF,
  0xFF, 0xE0, 0x00, 0x7F, 0xFF, 0xFF, 0xFF, 0xFF, 0x00, 0x03, 0xFF, 0xFF,
  0xFF, 0xFF, 0xF8, 0x00, 0x1F, 0xFF, 0xFF, 0xF7, 0xFF, 0xE0, 0x00, 0x00,
  0x0F, 0xFF, 0xBF, 0xFF, 0x00, 0x00, 0x00, 0x7F, 0xFD, 0xFF, 0xFC, 0x00,
  0x00, 0x03, 0xFF, 0xEF, 0xFF, 0xE0, 0x00, 0x00, 0x1F, 0xFF, 0x3F, 0xFF,
  0x80, 0x00, 0x00, 0xFF, 0xF9, 0xFF, 0xFE, 0x00, 0x00, 0x0F, 0xFF, 0xC7,
  0xFF, 0xF8, 0x00, 0x00, 0xFF, 0xFE, 0x3F, 0xFF, 0xE0, 0x00, 0x0F, 0xFF,
  0xF1, 0xFF, 0xFF, 0x80, 0x00, 0xFF, 0xFF, 0x87, 0xFF, 0xFF, 0x80, 0x7F,
  0xFF, 0xFC, 0x1F, 0xFF, 0xFF, 0xFF, 0xFF, 0xFF, 0xE0, 0xFF, 0xFF, 0xFF,
  0xFF, 0xFF, 0xFF, 0x03, 0xFF, 0xFF, 0xFF, 0xFF, 0xFF, 0xF8, 0x0F, 0xFF,
  0xFF, 0xFF, 0xFF, 0xFF, 0xC0, 0x3F, 0xFF, 0xFF, 0xFF, 0xF7, 0xFE, 0x00,
  0xFF, 0xFF, 0xFF, 0xFF, 0x3F, 0xF0, 0x03, 0xFF, 0xFF, 0xFF, 0xF1, 0xFF,
  0x80, 0x07, 0xFF, 0xFF, 0xFF, 0x07, 0xFC, 0x00, 0x0F, 0xFF, 0xFF, 0xE0,
  0x3F, 0xE0, 0x00, 0x1F, 0xFF, 0xFC, 0x01, 0xFF, 0x00, 0x00, 0x0F, 0xFE,
  0x00, 0x00, 0x00, 0xFF, 0xF8, 0x00, 0x00, 0x1F, 0xFF, 0xFF, 0xF8, 0x00,
  0x00, 0x1F, 0xFF, 0xFF, 0xF8, 0x00, 0x00, 0x1F, 0xFF, 0xFF, 0xF8, 0x00,
  0x00, 0x1F, 0xFF, 0xFF, 0xF8, 0x00, 0x00, 0x1F, 0xFF, 0xFF, 0xF8, 0x00,
  0x00, 0x1F, 0xFF, 0xFF, 0xF8, 0x00, 0x00, 0x1F, 0xFF, 0xFF, 0xF8, 0x00,
  0x00, 0x1F, 0xFF, 0xFF, 0xF8, 0x00, 0x00, 0x1F, 0xFF, 0xFF, 0xF8, 0x00,
  0x00, 0x1F, 0xFF, 0xFF, 0xF8, 0x00, 0x00, 0x1F, 0xFF, 0xFF, 0xF8, 0x00,
  0x00, 0x1F, 0xFF, 0xFF, 0xF8, 0x00, 0x00, 0x1F, 0xFF, 0xFF, 0xF8, 0x00,
  0x00, 0x1F, 0xFF, 0xFF, 0xF8, 0x00, 0x00, 0x1F, 0xFF, 0xFF, 0xF8, 0x00,
  0x00, 0x1F, 0xFF, 0xFF, 0xF8, 0x00, 0x00, 0x1F, 0xFF, 0xFF, 0xF8, 0x00,
  0x00, 0x1F, 0xFF, 0xFF, 0xF8, 0x00, 0x00, 0x1F, 0xFF, 0xFF, 0xF8, 0x00,
  0x00, 0x1F, 0xFF, 0xFF, 0xF8, 0x00, 0x00, 0x1F, 0xFF, 0xFF, 0xFF, 0xFF,
  0xFF, 0xFF, 0xFF, 0xFF, 0xFF, 0xFF, 0xFF, 0xFF, 0xFF, 0xFF, 0xFF, 0xFF,
  0xFF, 0xFF, 0xFF, 0xFF, 0xFF, 0xFF, 0xFF, 0xFF, 0xFF, 0xFF, 0xFF, 0xFF,
  0xFF, 0xFF, 0xFF, 0xFF, 0xFF, 0xFF, 0xFF, 0xFF, 0xFF, 0xFF, 0xFF, 0xFF,
  0xFF, 0xFF, 0xFF, 0xFF, 0xFF, 0xFF, 0xFF, 0xFF, 0xFF, 0xFF, 0xFF, 0xFF,
  0xFF, 0xFF, 0xFF, 0xFF, 0xFF, 0xFF, 0xFF, 0xFF, 0xFF, 0xFF, 0xFF, 0xFF,
  0xFF, 0xFF, 0xFF, 0xFF, 0xF8, 0x00, 0x00, 0x1F, 0xFF, 0xFF, 0xF8, 0x00,
  0x00, 0x1F, 0xFF, 0xFF, 0xF8, 0x00, 0x00, 0x1F, 0xFF, 0xFF, 0xF8, 0x00,
  0x00, 0x1F, 0xFF, 0xFF, 0xF8, 0x00, 0x00, 0x1F, 0xFF, 0xFF, 0xF8, 0x00,
  0x00, 0x1F, 0xFF, 0xFF, 0xF8, 0x00, 0x00, 0x1F, 0xFF, 0xFF, 0xF8, 0x00,
  0x00, 0x1F, 0xFF, 0xFF, 0xF8, 0x00, 0x00, 0x1F, 0xFF, 0xFF, 0xF8, 0x00,
  0x00, 0x1F, 0xFF, 0xFF, 0xF8, 0x00, 0x00, 0x1F, 0xFF, 0xFF, 0xF8, 0x00,
  0x00, 0x1F, 0xFF, 0xFF, 0xF8, 0x00, 0x00, 0x1F, 0xFF, 0xFF, 0xF8, 0x00,
  0x00, 0x1F, 0xFF, 0xFF, 0xF8, 0x00, 0x00, 0x1F, 0xFF, 0xFF, 0xF8, 0x00,
  0x00, 0x1F, 0xFF, 0xFF, 0xF8, 0x00, 0x00, 0x1F, 0xFF, 0xFF, 0xF8, 0x00,
  0x00, 0x1F, 0xFF, 0xFF, 0xF8, 0x00, 0x00, 0x1F, 0xFF, 0xFF, 0xF8, 0x00,
  0x00, 0x1F, 0xFF, 0xFF, 0xF8, 0x00, 0x00, 0x1F, 0xFF, 0xFF, 0xF8, 0x00,
  0x00, 0x1F, 0xFF, 0xFF, 0xF8, 0x00, 0x00, 0x1F, 0xFF, 0xFF, 0xFF, 0xFF,
  0xFF, 0xFF, 0xFF, 0xFF, 0xFF, 0xFF, 0xFF, 0xFF, 0xFF, 0xFF, 0xFF, 0xFF,
  0xFF, 0xFF, 0xFF, 0xFF, 0xFF, 0xFF, 0xFF, 0xFF, 0xFF, 0xFF, 0xFF, 0xFF,
  0xFF, 0xFF, 0xFF, 0xFF, 0xFF, 0xFF, 0xFF, 0xFF, 0x01, 0xFF, 0xF0, 0x00,
  0x1F, 0xFF, 0x00, 0x01, 0xFF, 0xF0, 0x00, 0x1F, 0xFF, 0x00, 0x01, 0xFF,
  0xF0, 0x00, 0x1F, 0xFF, 0x00, 0x01, 0xFF, 0xF0, 0x00, 0x1F, 0xFF, 0x00,
  0x01, 0xFF, 0xF0, 0x00, 0x1F, 0xFF, 0x00, 0x01, 0xFF, 0xF0, 0x00, 0x1F,
  0xFF, 0x00, 0x01, 0xFF, 0xF0, 0x00, 0x1F, 0xFF, 0x00, 0x01, 0xFF, 0xF0,
  0x00, 0x1F, 0xFF, 0x00, 0x01, 0xFF, 0xF0, 0x00, 0x1F, 0xFF, 0x00, 0x01,
  0xFF, 0xF0, 0x00, 0x1F, 0xFF, 0x00, 0x01, 0xFF, 0xF0, 0x00, 0x1F, 0xFF,
  0x00, 0x01, 0xFF, 0xF0, 0x00, 0x1F, 0xFF, 0x00, 0x01, 0xFF, 0xF0, 0x00,
  0x1F, 0xFF, 0x00, 0x01, 0xFF, 0xF0, 0x00, 0x1F, 0xFF, 0x00, 0x01, 0xFF,
  0xF0, 0x00, 0x1F, 0xFF, 0x00, 0x01, 0xFF, 0xF0, 0x00, 0x1F, 0xFF, 0x00,
  0x01, 0xFF, 0xF0, 0x00, 0x1F, 0xFF, 0x00, 0x01, 0xFF, 0xF0, 0x0F, 0xFF,
  0xFF, 0xFF, 0xFF, 0xFF, 0xFF, 0xFF, 0xFF, 0xFF, 0xFF, 0xFF, 0xFF, 0xFF,
  0xFF, 0xFF, 0xFF, 0xFF, 0xFF, 0xFF, 0xFF, 0xFF, 0xFF, 0xFF, 0xFF, 0xFF,
  0xFF, 0xFF, 0xFF, 0xFF, 0xFF, 0xFF, 0xFF, 0xFF, 0xFF, 0xF0, 0x00, 0x00,
  0x00, 0x07, 0xFF, 0xC0, 0x00, 0x00, 0x01, 0xFF, 0xF0, 0x00, 0x00, 0x00,
  0x7F, 0xFC, 0x00, 0x00, 0x00, 0x1F, 0xFF, 0x00, 0x00, 0x00, 0x07, 0xFF,
  0xC0, 0x00, 0x00, 0x01, 0xFF, 0xF0, 0x00, 0x00, 0x00, 0x7F, 0xFC, 0x00,
  0x00, 0x00, 0x1F, 0xFF, 0x00, 0x00, 0x00, 0x07, 0xFF, 0xC0, 0x00, 0x00,
  0x01, 0xFF, 0xF0, 0x00, 0x00, 0x00, 0x7F, 0xFC, 0x00, 0x00, 0x00, 0x1F,
  0xFF, 0x00, 0x00, 0x00, 0x07, 0xFF, 0xC0, 0x00, 0x00, 0x01, 0xFF, 0xF0,
  0x00, 0x00, 0x00, 0x7F, 0xFC, 0x00, 0x00, 0x00, 0x1F, 0xFF, 0x00, 0x00,
  0x00, 0x07, 0xFF, 0xC0, 0x00, 0x00, 0x01, 0xFF, 0xF0, 0x00, 0x00, 0x00,
  0x7F, 0xFC, 0x00, 0x00, 0x00, 0x1F, 0xFF, 0x00, 0x00, 0x00, 0x07, 0xFF,
  0xC0, 0x00, 0x00, 0x01, 0xFF, 0xF0, 0x00, 0x00, 0x00, 0x7F, 0xFC, 0x00,
  0x00, 0x00, 0x1F, 0xFF, 0x00, 0x00, 0x00, 0x07, 0xFF, 0xC0, 0x00, 0x00,
  0x01, 0xFF, 0xF0, 0x00, 0x00, 0x00, 0x7F, 0xFC, 0x00, 0x00, 0x00, 0x1F,
  0xFF, 0x00, 0x00, 0x00, 0x07, 0xFF, 0xC0, 0x00, 0x00, 0x01, 0xFF, 0xF0,
  0x00, 0x00, 0x00, 0x7F, 0xFC, 0x00, 0x00, 0x00, 0x1F, 0xFF, 0x00, 0x00,
  0x00, 0x07, 0xFF, 0xC0, 0x00, 0x00, 0x01, 0xFF, 0xF0, 0x00, 0x00, 0x00,
  0x7F, 0xFC, 0x00, 0x00, 0x00, 0x1F, 0xFF, 0x00, 0x00, 0x00, 0x07, 0xFF,
  0xC0, 0x0C, 0x00, 0x01, 0xFF, 0xF0, 0x0F, 0x80, 0x00, 0x7F, 0xFC, 0x1F,
  0xE0, 0x00, 0x1F, 0xFF, 0x3F, 0xF8, 0x00, 0x07, 0xFF, 0xFF, 0xFF, 0x00,
  0x03, 0xFF, 0xE7, 0xFF, 0xC0, 0x00, 0xFF, 0xF9, 0xFF, 0xF8, 0x00, 0x7F,
  0xFE, 0x7F, 0xFF, 0x00, 0x3F, 0xFF, 0x0F, 0xFF, 0xF0, 0x1F, 0xFF, 0xC3,
  0xFF, 0xFF, 0xFF, 0xFF, 0xF0, 0x7F, 0xFF, 0xFF, 0xFF, 0xF8, 0x0F, 0xFF,
  0xFF, 0xFF, 0xFC, 0x01, 0xFF, 0xFF, 0xFF, 0xFE, 0x00, 0x3F, 0xFF, 0xFF,
  0xFF, 0x00, 0x07, 0xFF, 0xFF, 0xFF, 0x80, 0x00, 0xFF, 0xFF, 0xFF, 0xC0,
  0x00, 0x1F, 0xFF, 0xFF, 0xC0, 0x00, 0x00, 0xFF, 0xFF, 0xC0, 0x00, 0x00,
  0x07, 0xFF, 0x00, 0x00, 0xFF, 0xF8, 0x00, 0x00, 0xFF, 0xFF, 0x7F, 0xFC,
  0x00, 0x00, 0xFF, 0xFF, 0x3F, 0xFE, 0x00, 0x00, 0xFF, 0xFF, 0x1F, 0xFF,
  0x00, 0x00, 0xFF, 0xFF, 0x0F, 0xFF, 0x80, 0x00, 0xFF, 0xFF, 0x07, 0xFF,
  0xC0, 0x00, 0xFF, 0xFF, 0x03, 0xFF, 0xE0, 0x00, 0x7F, 0xFF, 0x01, 0xFF,
  0xF0, 0x00, 0x7F, 0xFF, 0x00, 0xFF, 0xF8, 0x00, 0x7F, 0xFF, 0x80, 0x7F,
  0xFC, 0x00, 0x7F, 0xFF, 0x80, 0x3F, 0xFE, 0x00, 0x7F, 0xFF, 0x80, 0x1F,
  0xFF, 0x00, 0x7F, 0xFF, 0x80, 0x0F, 0xFF, 0x80, 0x7F, 0xFF, 0x80, 0x07,
  0xFF, 0xC0, 0x7F, 0xFF, 0x80, 0x03, 0xFF, 0xE0, 0x7F, 0xFF, 0x80, 0x01,
  0xFF, 0xF0, 0x3F, 0xFF, 0x80, 0x00, 0xFF, 0xF8, 0x3F, 0xFF, 0x80, 0x00,
  0x7F, 0xFC, 0x3F, 0xFF, 0x80, 0x00, 0x3F, 0xFE, 0x3F, 0xFF, 0xC0, 0x00,
  0x1F, 0xFF, 0x3F, 0xFF, 0xC0, 0x00, 0x0F, 0xFF, 0xBF, 0xFF, 0xC0, 0x00,
  0x07, 0xFF, 0xFF, 0xFF, 0xC0, 0x00, 0x03, 0xFF, 0xFF, 0xFF, 0xC0, 0x00,
  0x01, 0xFF, 0xFF, 0xFF, 0xC0, 0x00, 0x00, 0xFF, 0xFF, 0xFF, 0xE0, 0x00,
  0x00, 0x7F, 0xFF, 0xFF, 0xF8, 0x00, 0x00, 0x3F, 0xFF, 0xFF, 0xFC, 0x00,
  0x00, 0x1F, 0xFF, 0xFF, 0xFF, 0x00, 0x00, 0x0F, 0xFF, 0xFF, 0xFF, 0xC0,
  0x00, 0x07, 0xFF, 0xFF, 0xFF, 0xF0, 0x00, 0x03, 0xFF, 0xFF, 0xFF, 0xF8,
  0x00, 0x01, 0xFF, 0xFF, 0xFF, 0xFE, 0x00, 0x00, 0xFF, 0xFF, 0xFF, 0xFF,
  0x80, 0x00, 0x7F, 0xFF, 0xEF, 0xFF, 0xC0, 0x00, 0x3F, 0xFF, 0xE7, 0xFF,
  0xF0, 0x00, 0x1F, 0xFF, 0xE1, 0xFF, 0xFC, 0x00, 0x0F, 0xFF, 0xE0, 0x7F,
  0xFF, 0x00, 0x07, 0xFF, 0xE0, 0x3F, 0xFF, 0x80, 0x03, 0xFF, 0xE0, 0x0F,
  0xFF, 0xE0, 0x01, 0xFF, 0xF0, 0x03, 0xFF, 0xF8, 0x00, 0xFF, 0xF8, 0x00,
  0xFF, 0xFE, 0x00, 0x7F, 0xFC, 0x00, 0x7F, 0xFF, 0x00, 0x3F, 0xFE, 0x00,
  0x1F, 0xFF, 0xC0, 0x1F, 0xFF, 0x00, 0x07, 0xFF, 0xF0, 0x0F, 0xFF, 0x80,
  0x01, 0xFF, 0xFC, 0x07, 0xFF, 0xC0, 0x00, 0xFF, 0xFE, 0x03, 0xFF, 0xE0,
  0x00, 0x3F, 0xFF, 0x81, 0xFF, 0xF0, 0x00, 0x0F, 0xFF, 0xE0, 0xFF, 0xF8,
  0x00, 0x07, 0xFF, 0xF0, 0x7F, 0xFC, 0x00, 0x01, 0xFF, 0xFC, 0x3F, 0xFE,
  0x00, 0x00, 0x7F, 0xFF, 0x1F, 0xFF, 0x00, 0x00, 0x1F, 0xFF, 0xCF, 0xFF,
  0x80, 0x00, 0x0F, 0xFF, 0xE7, 0xFF, 0xC0, 0x00, 0x03, 0xFF, 0xFB, 0xFF,
  0xE0, 0x00, 0x00, 0xFF, 0xFE, 0xFF, 0xF8, 0x00, 0x00, 0x01, 0xFF, 0xF0,
  0x00, 0x00, 0x03, 0xFF, 0xE0, 0x00, 0x00, 0x07, 0xFF, 0xC0, 0x00, 0x00,
  0x0F, 0xFF, 0x80, 0x00, 0x00, 0x1F, 0xFF, 0x00, 0x00, 0x00, 0x3F, 0xFE,
  0x00, 0x00, 0x00, 0x7F, 0xFC, 0x00, 0x00, 0x00, 0xFF, 0xF8, 0x00, 0x00,
  0x01, 0xFF, 0xF0, 0x00, 0x00, 0x03, 0xFF, 0xE0, 0x00, 0x00, 0x07, 0xFF,
  0xC0, 0x00, 0x00, 0x0F, 0xFF, 0x80, 0x00, 0x00, 0x1F, 0xFF, 0x00, 0x00,
  0x00, 0x3F, 0xFE, 0x00, 0x00, 0x00, 0x7F, 0xFC, 0x00, 0x00, 0x00, 0xFF,
  0xF8, 0x00, 0x00, 0x01, 0xFF, 0xF0, 0x00, 0x00, 0x03, 0xFF, 0xE0, 0x00,
  0x00, 0x07, 0xFF, 0xC0, 0x00, 0x00, 0x0F, 0xFF, 0x80, 0x00, 0x00, 0x1F,
  0xFF, 0x00, 0x00, 0x00, 0x3F, 0xFE, 0x00, 0x00, 0x00, 0x7F, 0xFC, 0x00,
  0x00, 0x00, 0xFF, 0xF8, 0x00, 0x00, 0x01, 0xFF, 0xF0, 0x00, 0x00, 0x03,
  0xFF, 0xE0, 0x00, 0x00, 0x07, 0xFF, 0xC0, 0x00, 0x00, 0x0F, 0xFF, 0x80,
  0x00, 0x00, 0x1F, 0xFF, 0x00, 0x00, 0x00, 0x3F, 0xFE, 0x00, 0x00, 0x00,
  0x7F, 0xFC, 0x00, 0x00, 0x00, 0xFF, 0xF8, 0x00, 0x00, 0x01, 0xFF, 0xF0,
  0x00, 0x00, 0x03, 0xFF, 0xE0, 0x00, 0x00, 0x07, 0xFF, 0xC0, 0x00, 0x00,
  0x0F, 0xFF, 0x80, 0x00, 0x00, 0x1F, 0xFF, 0x00, 0x00, 0x00, 0x3F, 0xFE,
  0x00, 0x00, 0x00, 0x7F, 0xFC, 0x00, 0x00, 0x00, 0xFF, 0xF8, 0x00, 0x00,
  0x01, 0xFF, 0xF0, 0x00, 0x00, 0x03, 0xFF, 0xE0, 0x00, 0x00, 0x07, 0xFF,
  0xC0, 0x00, 0x00, 0x0F, 0xFF, 0xFF, 0xFF, 0xFF, 0xFF, 0xFF, 0xFF, 0xFF,
  0xFF, 0xFF, 0xFF, 0xFF, 0xFF, 0xFF, 0xFF, 0xFF, 0xFF, 0xFF, 0xFF, 0xFF,
  0xFF, 0xFF, 0xFF, 0xFF, 0xFF, 0xFF, 0xFF, 0xFF, 0xFF, 0xFF, 0xFF, 0xFF,
  0xFF, 0xFF, 0xFF, 0xFF, 0xFF, 0xFF, 0xFF, 0xFF, 0xFF, 0xFF, 0xFF, 0xFF,
  0xFF, 0xFF, 0xFF, 0xFF, 0xFF, 0xFF, 0xFF, 0xFF, 0xFF, 0x80, 0xFF, 0xFF,
  0xE0, 0x00, 0x00, 0x3F, 0xFF, 0xFF, 0xFF, 0xFF, 0x00, 0x00, 0x01, 0xFF,
  0xFF, 0xFF, 0xFF, 0xFC, 0x00, 0x00, 0x1F, 0xFF, 0xFF, 0xFF, 0xFF, 0xE0,
  0x00, 0x00, 0xFF, 0xFF, 0xFF, 0xFF, 0xFF, 0x00, 0x00, 0x07, 0xFF, 0xFF,
  0xFF, 0xFF, 0xFC, 0x00, 0x00, 0x7F, 0xFF, 0xFF, 0xFF, 0xFF, 0xE0, 0x00,
  0x03, 0xFF, 0xFF, 0xFF, 0xFF, 0xFF, 0x00, 0x00, 0x1F, 0xFF, 0xFF, 0xFF,
  0xFF, 0xF8, 0x00, 0x00, 0xFF, 0xFF, 0xFF, 0xFF, 0xFF, 0xE0, 0x00, 0x0F,
  0xFF, 0xFF, 0xFF, 0xFF, 0xFF, 0x00, 0x00, 0x7F, 0xFF, 0xFF, 0xFF, 0xFF,
  0xF8, 0x00, 0x03, 0xFF, 0xFF, 0xFF, 0xFF, 0xFF, 0xE0, 0x00, 0x3F, 0xFF,
  0xFF, 0xFF, 0xFF, 0xFF, 0x00, 0x01, 0xFF, 0xFF, 0xFF, 0xFF, 0xDF, 0xF8,
  0x00, 0x0F, 0xFD, 0xFF, 0xFF, 0xFE, 0xFF, 0xC0, 0x00, 0xFF, 0xEF, 0xFF,
  0xFF, 0xF7, 0xFF, 0x00, 0x07, 0xFF, 0x7F, 0xFF, 0xFF, 0x9F, 0xF8, 0x00,
  0x3F, 0xF3, 0xFF, 0xFF, 0xFC, 0xFF, 0xC0, 0x01, 0xFF, 0x9F, 0xFF, 0xFF,
  0xE7, 0xFF, 0x00, 0x1F, 0xFC, 0xFF, 0xFF, 0xFF, 0x1F, 0xF8, 0x00, 0xFF,
  0xC7, 0xFF, 0xFF, 0xF8, 0xFF, 0xC0, 0x07, 0xFE, 0x3F, 0xFF, 0xFF, 0xC7,
  0xFF, 0x00, 0x7F, 0xF1, 0xFF, 0xFF, 0xFE, 0x1F, 0xF8, 0x03, 0xFF, 0x0F,
  0xFF, 0xFF, 0xF0, 0xFF, 0xC0, 0x1F, 0xF8, 0x7F, 0xFF, 0xFF, 0x87, 0xFE,
  0x00, 0xFF, 0xC3, 0xFF, 0xFF, 0xFC, 0x3F, 0xF8, 0x0F, 0xFE, 0x1F, 0xFF,
  0xFF, 0xE0, 0xFF, 0xC0, 0x7F, 0xE0, 0xFF, 0xFF, 0xFF, 0x07, 0xFE, 0x03,
  0xFF, 0x07, 0xFF, 0xFF, 0xF8, 0x3F, 0xF8, 0x3F, 0xF8, 0x3F, 0xFF, 0xFF,
  0xC0, 0xFF, 0xC1, 0xFF, 0x81, 0xFF, 0xFF, 0xFE, 0x07, 0xFE, 0x0F, 0xFC,
  0x0F, 0xFF, 0xFF, 0xF0, 0x3F, 0xF0, 0x7F, 0xE0, 0x7F, 0xFF, 0xFF, 0x80,
  0xFF, 0xC7, 0xFE, 0x03, 0xFF, 0xFF, 0xFC, 0x07, 0xFE, 0x3F, 0xF0, 0x1F,
  0xFF, 0xFF, 0xE0, 0x3F, 0xF1, 0xFF, 0x80, 0xFF, 0xFF, 0xFF, 0x01, 0xFF,
  0xDF, 0xF8, 0x07, 0xFF, 0xFF, 0xF8, 0x07, 0xFE, 0xFF, 0xC0, 0x3F, 0xFF,
  0xFF, 0xC0, 0x3F, 0xF7, 0xFE, 0x01, 0xFF, 0xFF, 0xFE, 0x01, 0xFF, 0xFF,
  0xF0, 0x0F, 0xFF, 0xFF, 0xF0, 0x07, 0xFF, 0xFF, 0x00, 0x7F, 0xFF, 0xFF,
  0x80, 0x3F, 0xFF, 0xF8, 0x03, 0xFF, 0xFF, 0xFC, 0x01, 0xFF, 0xFF, 0xC0,
  0x1F, 0xFF, 0xFF, 0xE0, 0x07, 0xFF, 0xFC, 0x00, 0xFF, 0xFF, 0xFF, 0x00,
  0x3F, 0xFF, 0xE0, 0x07, 0xFF, 0xFF, 0xF8, 0x01, 0xFF, 0xFF, 0x00, 0x3F,
  0xFF, 0xFF, 0xC0, 0x07, 0xFF, 0xF0, 0x01, 0xFF, 0xFF, 0xFE, 0x00, 0x3F,
  0xFF, 0x80, 0x0F, 0xFF, 0xFF, 0xF0, 0x01, 0xFF, 0xFC, 0x00, 0x7F, 0xFF,
  0xFF, 0x80, 0x0F, 0xFF, 0xC0, 0x03, 0xFF, 0xFF, 0xFC, 0x00, 0x3F, 0xFE,
  0x00, 0x1F, 0xFF, 0xFF, 0xE0, 0x01, 0xFF, 0xF0, 0x00, 0xFF, 0xFF, 0xFF,
  0x00, 0x0F, 0xFF, 0x80, 0x07, 0xFF, 0xFF, 0xF8, 0x00, 0x3F, 0xF8, 0x00,
  0x3F, 0xFF, 0xFF, 0xC0, 0x01, 0xFF, 0xC0, 0x01, 0xFF, 0xE0, 0xFF, 0xFF,
  0x00, 0x00, 0x07, 0xFF, 0xFF, 0xFF, 0xE0, 0x00, 0x01, 0xFF, 0xFF, 0xFF,
  0xF8, 0x00, 0x00, 0x7F, 0xFF, 0xFF, 0xFF, 0x00, 0x00, 0x1F, 0xFF, 0xFF,
  0xFF, 0xE0, 0x00, 0x07, 0xFF, 0xFF, 0xFF, 0xF8, 0x00, 0x01, 0xFF, 0xFF,
  0xFF, 0xFF, 0x00, 0x00, 0x7F, 0xFF, 0xFF, 0xFF, 0xC0, 0x00, 0x1F, 0xFF,
  0xFF, 0xFF, 0xF8, 0x00, 0x07, 0xFF, 0xFF, 0xFF, 0xFE, 0x00, 0x01, 0xFF,
  0xFF, 0xFF, 0xFF, 0xC0, 0x00, 0x7F, 0xFF, 0xFF, 0xFF, 0xF0, 0x00, 0x1F,
  0xFF, 0xFF, 0xFF, 0xFE, 0x00, 0x07, 0xFF, 0xFF, 0xFF, 0xFF, 0x80, 0x01,
  0xFF, 0xFF, 0xFF, 0xFF, 0xF0, 0x00, 0x7F, 0xFF, 0xFF, 0xFF, 0xFC, 0x00,
  0x1F, 0xFF, 0xFF, 0xFF, 0xFF, 0x80, 0x07, 0xFF, 0xFF, 0xFD, 0xFF, 0xE0,
  0x01, 0xFF, 0xFF, 0xFF, 0x7F, 0xFC, 0x00, 0x7F, 0xFF, 0xFF, 0xCF, 0xFF,
  0x80, 0x1F, 0xFF, 0xFF, 0xF3, 0xFF, 0xE0, 0x07, 0xFF, 0xFF, 0xFC, 0x7F,
  0xFC, 0x01, 0xFF, 0xFF, 0xFF, 0x1F, 0xFF, 0x00, 0x7F, 0xFF, 0xFF, 0xC3,
  0xFF, 0xE0, 0x1F, 0xFF, 0xFF, 0xF0, 0x7F, 0xF8, 0x07, 0xFF, 0xFF, 0xFC,
  0x1F, 0xFF, 0x01, 0xFF, 0xFF, 0xFF, 0x03, 0xFF, 0xC0, 0x7F, 0xFF, 0xFF,
  0xC0, 0xFF, 0xF8, 0x1F, 0xFF, 0xFF, 0xF0, 0x1F, 0xFE, 0x07, 0xFF, 0xFF,
  0xFC, 0x07, 0xFF, 0xC1, 0xFF, 0xFF, 0xFF, 0x00, 0xFF, 0xF0, 0x7F, 0xFF,
  0xFF, 0xC0, 0x3F, 0xFE, 0x1F, 0xFF, 0xFF, 0xF0, 0x07, 0xFF, 0xC7, 0xFF,
  0xFF, 0xFC, 0x01, 0xFF, 0xF1, 0xFF, 0xFF, 0xFF, 0x00, 0x3F, 0xFE, 0x7F,
  0xFF, 0xFF, 0xC0, 0x07, 0xFF, 0x9F, 0xFF, 0xFF, 0xF0, 0x01, 0xFF, 0xF7,
  0xFF, 0xFF, 0xFC, 0x00, 0x3F, 0xFD, 0xFF, 0xFF, 0xFF, 0x00, 0x0F, 0xFF,
  0xFF, 0xFF, 0xFF, 0xC0, 0x01, 0xFF, 0xFF, 0xFF, 0xFF, 0xF0, 0x00, 0x7F,
  0xFF, 0xFF, 0xFF, 0xFC, 0x00, 0x0F, 0xFF, 0xFF, 0xFF, 0xFF, 0x00, 0x03,
  0xFF, 0xFF, 0xFF, 0xFF, 0xC0, 0x00, 0x7F, 0xFF, 0xFF, 0xFF, 0xF0, 0x00,
  0x1F, 0xFF, 0xFF, 0xFF, 0xFC, 0x00, 0x03, 0xFF, 0xFF, 0xFF, 0xFF, 0x00,
  0x00, 0x7F, 0xFF, 0xFF, 0xFF, 0xC0, 0x00, 0x1F, 0xFF, 0xFF, 0xFF, 0xF0,
  0x00, 0x03, 0xFF, 0xFF, 0xFF, 0xFC, 0x00, 0x00, 0xFF, 0xFF, 0xFF, 0xFF,
  0x00, 0x00, 0x1F, 0xFF, 0xFF, 0xFF, 0xC0, 0x00, 0x07, 0xFF, 0xFF, 0xFF,
  0xF0, 0x00, 0x00, 0xFF, 0xFF, 0xFF, 0xFC, 0x00, 0x00, 0x3F, 0xFF, 0xFF,
  0xFF, 0x00, 0x00, 0x07, 0xFF, 0xFC, 0x00, 0x00, 0x03, 0xFF, 0xC0, 0x00,
  0x00, 0x00, 0x00, 0x1F, 0xFF, 0xFE, 0x00, 0x00, 0x00, 0x00, 0x3F, 0xFF,
  0xFF, 0xE0, 0x00, 0x00, 0x00, 0x7F, 0xFF, 0xFF, 0xFC, 0x00, 0x00, 0x00,
  0xFF, 0xFF, 0xFF, 0xFF, 0x80, 0x00, 0x01, 0xFF, 0xFF, 0xFF, 0xFF, 0xE0,
  0x00, 0x01, 0xFF, 0xFF, 0xFF, 0xFF, 0xF8, 0x00, 0x01, 0xFF, 0xFF, 0xFF,
  0xFF, 0xFE, 0x00, 0x01, 0xFF, 0xFF, 0xFF, 0xFF, 0xFF, 0x80, 0x01, 0xFF,
  0xFF, 0xFF, 0xFF, 0xFF, 0xE0, 0x01, 0xFF, 0xFF, 0xFF, 0xFF, 0xFF, 0xF8,
  0x00, 0xFF, 0xFF, 0xF0, 0x1F, 0xFF, 0xFE, 0x00, 0xFF, 0xFF, 0xC0, 0x01,
  0xFF, 0xFF, 0x80, 0xFF, 0xFF, 0x80, 0x00, 0x7F, 0xFF, 0xC0, 0x7F, 0xFF,
  0x80, 0x00, 0x0F, 0xFF, 0xF0, 0x7F, 0xFF, 0x80, 0x00, 0x03, 0xFF, 0xF8,
  0x3F, 0xFF, 0x80, 0x00, 0x01, 0xFF, 0xFE, 0x1F, 0xFF, 0x80, 0x00, 0x00,
  0x7F, 0xFF, 0x1F, 0xFF, 0xC0, 0x00, 0x00, 0x1F, 0xFF, 0x8F, 0xFF, 0xC0,
  0x00, 0x00, 0x0F, 0xFF, 0xE7, 0xFF, 0xE0, 0x00, 0x00, 0x03, 0xFF, 0xF3,
  0xFF, 0xE0, 0x00, 0x00, 0x01, 0xFF, 0xFB, 0xFF, 0xF0, 0x00, 0x00, 0x00,
  0xFF, 0xFD, 0xFF, 0xF8, 0x00, 0x00, 0x00, 0x3F, 0xFE, 0xFF, 0xFC, 0x00,
  0x00, 0x00, 0x1F, 0xFF, 0xFF, 0xFE, 0x00, 0x00, 0x00, 0x0F, 0xFF, 0xFF,
  0xFF, 0x00, 0x00, 0x00, 0x07, 0xFF, 0xFF, 0xFF, 0x80, 0x00, 0x00, 0x03,
  0xFF, 0xFF, 0xFF, 0xC0, 0x00, 0x00, 0x01, 0xFF, 0xFF, 0xFF, 0xE0, 0x00,
  0x00, 0x00, 0xFF, 0xFF, 0xFF, 0xF0, 0x00, 0x00, 0x00, 0x7F, 0xFF, 0xFF,
  0xF8, 0x00, 0x00, 0x00, 0x3F, 0xFF, 0xFF, 0xFC, 0x00, 0x00, 0x00, 0x1F,
  0xFF, 0xFF, 0xFE, 0x00, 0x00, 0x00, 0x0F, 0xFF, 0xBF, 0xFF, 0x00, 0x00,
  0x00, 0x0F, 0xFF, 0xCF, 0xFF, 0xC0, 0x00, 0x00, 0x07, 0xFF, 0xE7, 0xFF,
  0xE0, 0x00, 0x00, 0x03, 0xFF, 0xF3, 0xFF, 0xF0, 0x00, 0x00, 0x03, 0xFF,
  0xF9, 0xFF, 0xFC, 0x00, 0x00, 0x01, 0xFF, 0xF8, 0x7F, 0xFE, 0x00, 0x00,
  0x01, 0xFF, 0xFC, 0x3F, 0xFF, 0x80, 0x00, 0x01, 0xFF, 0xFE, 0x1F, 0xFF,
  0xE0, 0x00, 0x00, 0xFF, 0xFE, 0x07, 0xFF, 0xF8, 0x00, 0x00, 0xFF, 0xFF,
  0x03, 0xFF, 0xFE, 0x00, 0x01, 0xFF, 0xFF, 0x00, 0xFF, 0xFF, 0xC0, 0x01,
  0xFF, 0xFF, 0x00, 0x3F, 0xFF, 0xF8, 0x07, 0xFF, 0xFF, 0x80, 0x1F, 0xFF,
  0xFF, 0xFF, 0xFF, 0xFF, 0x80, 0x07, 0xFF, 0xFF, 0xFF, 0xFF, 0xFF, 0x80,
  0x01, 0xFF, 0xFF, 0xFF, 0xFF, 0xFF, 0xC0, 0x00, 0x7F, 0xFF, 0xFF, 0xFF,
  0xFF, 0xC0, 0x00, 0x1F, 0xFF, 0xFF, 0xFF, 0xFF, 0x80, 0x00, 0x07, 0xFF,
  0xFF, 0xFF, 0xFF, 0x80, 0x00, 0x00, 0xFF, 0xFF, 0xFF, 0xFF, 0x80, 0x00,
  0x00, 0x1F, 0xFF, 0xFF, 0xFF, 0x00, 0x00, 0x00, 0x03, 0xFF, 0xFF, 0xFE,
  0x00, 0x00, 0x00, 0x00, 0x7F, 0xFF, 0xF8, 0x00, 0x00, 0x00, 0x00, 0x03,
  0xFF, 0xC0, 0x00, 0x00, 0x00, 0xFF, 0xFF, 0xFF, 0xF8, 0x00, 0x03, 0xFF,
  0xFF, 0xFF, 0xFF, 0x00, 0x0F, 0xFF, 0xFF, 0xFF, 0xFF, 0x00, 0x3F, 0xFF,
  0xFF, 0xFF, 0xFF, 0x00, 0xFF, 0xFF, 0xFF, 0xFF, 0xFF, 0x03, 0xFF, 0xFF,
  0xFF, 0xFF, 0xFE, 0x0F, 0xFF, 0xFF, 0xFF, 0xFF, 0xFC, 0x3F, 0xFF, 0xFF,
  0xFF, 0xFF, 0xF8, 0xFF, 0xFF, 0xFF, 0xFF, 0xFF, 0xE3, 0xFF, 0xFF, 0xFF,
  0xFF, 0xFF, 0xCF, 0xFF, 0xFF, 0xFF, 0xFF, 0xFF, 0x3F, 0xFE, 0x00, 0x0F,
  0xFF, 0xFE, 0xFF, 0xF8, 0x00, 0x07, 0xFF, 0xFB, 0xFF, 0xE0, 0x00, 0x0F,
  0xFF, 0xEF, 0xFF, 0x80, 0x00, 0x1F, 0xFF, 0xBF, 0xFE, 0x00, 0x00, 0x7F,
  0xFE, 0xFF, 0xF8, 0x00, 0x00, 0xFF, 0xFB, 0xFF, 0xE0, 0x00, 0x03, 0xFF,
  0xFF, 0xFF, 0x80, 0x00, 0x0F, 0xFF, 0xFF, 0xFE, 0x00, 0x00, 0x3F, 0xFE,
  0xFF, 0xF8, 0x00, 0x01, 0xFF, 0xFB, 0xFF, 0xE0, 0x00, 0x07, 0xFF, 0xEF,
  0xFF, 0x80, 0x00, 0x3F, 0xFF, 0xBF, 0xFE, 0x00, 0x01, 0xFF, 0xFE, 0xFF,
  0xF8, 0x00, 0x3F, 0xFF, 0xFB, 0xFF, 0xFF, 0xFF, 0xFF, 0xFF, 0xCF, 0xFF,
  0xFF, 0xFF, 0xFF, 0xFF, 0x3F, 0xFF, 0xFF, 0xFF, 0xFF, 0xF8, 0xFF, 0xFF,
  0xFF, 0xFF, 0xFF, 0xE3, 0xFF, 0xFF, 0xFF, 0xFF, 0xFF, 0x0F, 0xFF, 0xFF,
  0xFF, 0xFF, 0xF8, 0x3F, 0xFF, 0xFF, 0xFF, 0xFF, 0xC0, 0xFF, 0xFF, 0xFF,
  0xFF, 0xFC, 0x03, 0xFF, 0xFF, 0xFF, 0xFF, 0xC0, 0x0F, 0xFF, 0xFF, 0xFF,
  0xFC, 0x00, 0x3F, 0xFF, 0xFF, 0xFC, 0x00, 0x00, 0xFF, 0xF8, 0x00, 0x00,
  0x00, 0x03, 0xFF, 0xE0, 0x00, 0x00, 0x00, 0x0F, 0xFF, 0x80, 0x00, 0x00,
  0x00, 0x3F, 0xFE, 0x00, 0x00, 0x00, 0x00, 0xFF, 0xF8, 0x00, 0x00, 0x00,
  0x03, 0xFF, 0xE0, 0x00, 0x00, 0x00, 0x0F, 0xFF, 0x80, 0x00, 0x00, 0x00,
  0x3F, 0xFE, 0x00, 0x00, 0x00, 0x00, 0xFF, 0xF8, 0x00, 0x00, 0x00, 0x03,
  0xFF, 0xE0, 0x00, 0x00, 0x00, 0x0F, 0xFF, 0x80, 0x00, 0x00, 0x00, 0x3F,
  0xFE, 0x00, 0x00, 0x00, 0x00, 0xFF, 0xF8, 0x00, 0x00, 0x00, 0x03, 0xFF,
  0xE0, 0x00, 0x00, 0x00, 0x0F, 0xFF, 0x80, 0x00, 0x00, 0x00, 0x3F, 0xFE,
  0x00, 0x00, 0x00, 0x00, 0xFF, 0xF8, 0x00, 0x00, 0x00, 0x03, 0xFF, 0xE0,
  0x00, 0x00, 0x00, 0x0F, 0xFF, 0x80, 0x00, 0x00, 0x00, 0x00, 0x00, 0x00,
  0x03, 0xFF, 0xC0, 0x00, 0x00, 0x00, 0x00, 0x01, 0xFF, 0xFF, 0xE0, 0x00,
  0x00, 0x00, 0x00, 0x3F, 0xFF, 0xFF, 0xE0, 0x00, 0x00, 0x00, 0x07, 0xFF,
  0xFF, 0xFF, 0xC0, 0x00, 0x00, 0x00, 0xFF, 0xFF, 0xFF, 0xFF, 0x80, 0x00,
  0x00, 0x1F, 0xFF, 0xFF, 0xFF, 0xFE, 0x00, 0x00, 0x01, 0xFF, 0xFF, 0xFF,
  0xFF, 0xF8, 0x00, 0x00, 0x1F, 0xFF, 0xFF, 0xFF, 0xFF, 0xF0, 0x00, 0x01,
  0xFF, 0xFF, 0xFF, 0xFF, 0xFF, 0xC0, 0x00, 0x1F, 0xFF, 0xFF, 0xFF, 0xFF,
  0xFE, 0x00, 0x01, 0xFF, 0xFF, 0xFF, 0xFF, 0xFF, 0xF8, 0x00, 0x0F, 0xFF,
  0xFF, 0x01, 0xFF, 0xFF, 0xE0, 0x00, 0xFF, 0xFF, 0xC0, 0x01, 0xFF, 0xFF,
  0x80, 0x0F, 0xFF, 0xF8, 0x00, 0x07, 0xFF, 0xFC, 0x00, 0x7F, 0xFF, 0x80,
  0x00, 0x0F, 0xFF, 0xF0, 0x07, 0xFF, 0xF8, 0x00, 0x00, 0x3F, 0xFF, 0x80,
  0x3F, 0xFF, 0x80, 0x00, 0x01, 0xFF, 0xFE, 0x01, 0xFF, 0xF8, 0x00, 0x00,
  0x07, 0xFF, 0xF0, 0x1F, 0xFF, 0xC0, 0x00, 0x00, 0x1F, 0xFF, 0x80, 0xFF,
  0xFC, 0x00, 0x00, 0x00, 0xFF, 0xFE, 0x07, 0xFF, 0xE0, 0x00, 0x00, 0x03,
  0xFF, 0xF0, 0x3F, 0xFE, 0x00, 0x00, 0x00, 0x1F, 0xFF, 0x83, 0xFF, 0xF0,
  0x00, 0x00, 0x00, 0xFF, 0xFC, 0x1F, 0xFF, 0x80, 0x00, 0x00, 0x07, 0xFF,
  0xE0, 0xFF, 0xFC, 0x00, 0x00, 0x00, 0x1F, 0xFF, 0x87, 0xFF, 0xE0, 0x00,
  0x00, 0x00, 0xFF, 0xFC, 0x3F, 0xFF, 0x00, 0x00, 0x40, 0x07, 0xFF, 0xE1,
  0xFF, 0xF8, 0x00, 0x07, 0x00, 0x3F, 0xFF, 0x0F, 0xFF, 0xC0, 0x00, 0x7E,
  0x01, 0xFF, 0xF8, 0x7F, 0xFE, 0x00, 0x07, 0xF8, 0x0F, 0xFF, 0xC3, 0xFF,
  0xF0, 0x00, 0x7F, 0xE0, 0x7F, 0xFE, 0x1F, 0xFF, 0x80, 0x07, 0xFF, 0x83,
  0xFF, 0xF0, 0xFF, 0xFC, 0x00, 0x7F, 0xFE, 0x1F, 0xFF, 0x87, 0xFF, 0xE0,
  0x01, 0xFF, 0xF8, 0xFF, 0xF8, 0x3F, 0xFF, 0x00, 0x07, 0xFF, 0xEF, 0xFF,
  0xC0, 0xFF, 0xFC, 0x00, 0x1F, 0xFF, 0xFF, 0xFE, 0x07, 0xFF, 0xE0, 0x00,
  0x7F, 0xFF, 0xFF, 0xF0, 0x3F, 0xFF, 0x00, 0x01, 0xFF, 0xFF, 0xFF, 0x01,
  0xFF, 0xFC, 0x00, 0x07, 0xFF, 0xFF, 0xF8, 0x07, 0xFF, 0xE0, 0x00, 0x1F,
  0xFF, 0xFF, 0xC0, 0x3F, 0xFF, 0x80, 0x00, 0x7F, 0xFF, 0xFC, 0x01, 0xFF,
  0xFE, 0x00, 0x01, 0xFF, 0xFF, 0xE0, 0x07, 0xFF, 0xF8, 0x00, 0x07, 0xFF,
  0xFE, 0x00, 0x3F, 0xFF, 0xE0, 0x00, 0x1F, 0xFF, 0xF0, 0x00, 0xFF, 0xFF,
  0xC0, 0x01, 0xFF, 0xFF, 0x00, 0x03, 0xFF, 0xFF, 0x80, 0x7F, 0xFF, 0xFC,
  0x00, 0x1F, 0xFF, 0xFF, 0xFF, 0xFF, 0xFF, 0xF0, 0x00, 0x7F, 0xFF, 0xFF,
  0xFF, 0xFF, 0xFF, 0xC0, 0x01, 0xFF, 0xFF, 0xFF, 0xFF, 0xFF, 0xFF, 0x00,
  0x07, 0xFF, 0xFF, 0xFF, 0xFF, 0xFF, 0xFC, 0x00, 0x1F, 0xFF, 0xFF, 0xFF,
  0xFF, 0xFF, 0xF0, 0x00, 0x7F, 0xFF, 0xFF, 0xFF, 0xFF, 0xFF, 0xC0, 0x00,
  0xFF, 0xFF, 0xFF, 0xFF, 0xBF, 0xFF, 0x00, 0x01, 0xFF, 0xFF, 0xFF, 0xF0,
  0xFF, 0xFC, 0x00, 0x03, 0xFF, 0xFF, 0xFE, 0x03, 0xFF, 0xC0, 0x00, 0x07,
  0xFF, 0xFF, 0x80, 0x0F, 0xFC, 0x00, 0x00, 0x03, 0xFF, 0xC0, 0x00, 0x3F,
  0xC0, 0x00, 0x00, 0x00, 0x00, 0x00, 0x00, 0xFC, 0x00, 0x00, 0x00, 0x00,
  0x00, 0x00, 0x03, 0xC0, 0x00, 0x00, 0x00, 0x00, 0x00, 0x00, 0x0C, 0x00,
  0xFF, 0xFF, 0xFF, 0xF8, 0x00, 0x00, 0xFF, 0xFF, 0xFF, 0xFF, 0xC0, 0x00,
  0xFF, 0xFF, 0xFF, 0xFF, 0xF8, 0x00, 0xFF, 0xFF, 0xFF, 0xFF, 0xFE, 0x00,
  0xFF, 0xFF, 0xFF, 0xFF, 0xFF, 0x00, 0xFF, 0xFF, 0xFF, 0xFF, 0xFF, 0x80,
  0xFF, 0xFF, 0xFF, 0xFF, 0xFF, 0xC0, 0xFF, 0xFF, 0xFF, 0xFF, 0xFF, 0xE0,
  0xFF, 0xFF, 0xFF, 0xFF, 0xFF, 0xF0, 0xFF, 0xFF, 0xFF, 0xFF, 0xFF, 0xF0,
  0xFF, 0xFF, 0xFF, 0xFF, 0xFF, 0xF8, 0xFF, 0xF8, 0x00, 0x3F, 0xFF, 0xF8,
  0xFF, 0xF8, 0x00, 0x07, 0xFF, 0xF8, 0xFF, 0xF8, 0x00, 0x01, 0xFF, 0xF8,
  0xFF, 0xF8, 0x00, 0x01, 0xFF, 0xF8, 0xFF, 0xF8, 0x00, 0x00, 0xFF, 0xF8,
  0xFF, 0xF8, 0x00, 0x00, 0xFF, 0xFC, 0xFF, 0xF8, 0x00, 0x00, 0xFF, 0xFC,
  0xFF, 0xF8, 0x00, 0x00, 0xFF, 0xF8, 0xFF, 0xF8, 0x00, 0x01, 0xFF, 0xF8,
  0xFF, 0xF8, 0x00, 0x01, 0xFF, 0xF8, 0xFF, 0xF8, 0x00, 0x03, 0xFF, 0xF8,
  0xFF, 0xF8, 0x00, 0x3F, 0xFF, 0xF8, 0xFF, 0xFF, 0xFF, 0xFF, 0xFF, 0xF0,
  0xFF, 0xFF, 0xFF, 0xFF, 0xFF, 0xF0, 0xFF, 0xFF, 0xFF, 0xFF, 0xFF, 0xE0,
  0xFF, 0xFF, 0xFF, 0xFF, 0xFF, 0xC0, 0xFF, 0xFF, 0xFF, 0xFF, 0xFF, 0xC0,
  0xFF, 0xFF, 0xFF, 0xFF, 0xFF, 0x80, 0xFF, 0xFF, 0xFF, 0xFF, 0xFE, 0x00,
  0xFF, 0xFF, 0xFF, 0xFF, 0xFC, 0x00, 0xFF, 0xFF, 0xFF, 0xFF, 0xF0, 0x00,
  0xFF, 0xFF, 0xFF, 0xFF, 0x80, 0x00, 0xFF, 0xFF, 0xFF, 0xFF, 0x80, 0x00,
  0xFF, 0xF8, 0x1F, 0xFF, 0xC0, 0x00, 0xFF, 0xF8, 0x1F, 0xFF, 0xC0, 0x00,
  0xFF, 0xF8, 0x0F, 0xFF, 0xE0, 0x00, 0xFF, 0xF8, 0x07, 0xFF, 0xF0, 0x00,
  0xFF, 0xF8, 0x03, 0xFF, 0xF8, 0x00, 0xFF, 0xF8, 0x03, 0xFF, 0xF8, 0x00,
  0xFF, 0xF8, 0x01, 0xFF, 0xFC, 0x00, 0xFF, 0xF8, 0x00, 0xFF, 0xFE, 0x00,
  0xFF, 0xF8, 0x00, 0xFF, 0xFE, 0x00, 0xFF, 0xF8, 0x00, 0x7F, 0xFF, 0x00,
  0xFF, 0xF8, 0x00, 0x3F, 0xFF, 0x80, 0xFF, 0xF8, 0x00, 0x1F, 0xFF, 0xC0,
  0xFF, 0xF8, 0x00, 0x1F, 0xFF, 0xC0, 0xFF, 0xF8, 0x00, 0x0F, 0xFF, 0xE0,
  0xFF, 0xF8, 0x00, 0x07, 0xFF, 0xF0, 0xFF, 0xF8, 0x00, 0x07, 0xFF, 0xF0,
  0xFF, 0xF8, 0x00, 0x03, 0xFF, 0xF8, 0xFF, 0xF8, 0x00, 0x01, 0xFF, 0xFC,
  0xFF, 0xF8, 0x00, 0x01, 0xFF, 0xFC, 0xFF, 0xF8, 0x00, 0x00, 0xFF, 0xFE,
  0xFF, 0xF8, 0x00, 0x00, 0x7F, 0xFF, 0x00, 0x00, 0x3F, 0xF8, 0x00, 0x00,
  0x00, 0x07, 0xFF, 0xFF, 0x00, 0x00, 0x00, 0x7F, 0xFF, 0xFF, 0x80, 0x00,
  0x03, 0xFF, 0xFF, 0xFF, 0xC0, 0x00, 0x1F, 0xFF, 0xFF, 0xFF, 0xE0, 0x00,
  0x7F, 0xFF, 0xFF, 0xFF, 0xE0, 0x01, 0xFF, 0xFF, 0xFF, 0xFF, 0xE0, 0x07,
  0xFF, 0xFF, 0xFF, 0xFF, 0xE0, 0x1F, 0xFF, 0xFF, 0xFF, 0xFF, 0xE0, 0x7F,
  0xFF, 0xFF, 0xFF, 0xFF, 0xC0, 0xFF, 0xFF, 0x00, 0xFF, 0xFF, 0xC3, 0xFF,
  0xF8, 0x00, 0x3F, 0xFF, 0xC7, 0xFF, 0xE0, 0x00, 0x3F, 0xFE, 0x0F, 0xFF,
  0x80, 0x00, 0x3F, 0xE0, 0x3F, 0xFF, 0x00, 0x00, 0x3E, 0x00, 0x7F, 0xFE,
  0x00, 0x00, 0x70, 0x00, 0xFF, 0xFC, 0x00, 0x00, 0x00, 0x01, 0xFF, 0xF8,
  0x00, 0x00, 0x00, 0x03, 0xFF, 0xF8, 0x00, 0x00, 0x00, 0x07, 0xFF, 0xF8,
  0x00, 0x00, 0x00, 0x07, 0xFF, 0xFC, 0x00, 0x00, 0x00, 0x0F, 0xFF, 0xFF,
  0x80, 0x00, 0x00, 0x1F, 0xFF, 0xFF, 0xF8, 0x00, 0x00, 0x1F, 0xFF, 0xFF,
  0xFF, 0x80, 0x00, 0x3F, 0xFF, 0xFF, 0xFF, 0xE0, 0x00, 0x3F, 0xFF, 0xFF,
  0xFF, 0xF8, 0x00, 0x3F, 0xFF, 0xFF, 0xFF, 0xFC, 0x00, 0x3F, 0xFF, 0xFF,
  0xFF, 0xFC, 0x00, 0x3F, 0xFF, 0xFF, 0xFF, 0xFE, 0x00, 0x1F, 0xFF, 0xFF,
  0xFF, 0xFE, 0x00, 0x0F, 0xFF, 0xFF, 0xFF, 0xFC, 0x00, 0x07, 0xFF, 0xFF,
  0xFF, 0xFC, 0x00, 0x01, 0xFF, 0xFF, 0xFF, 0xFC, 0x00, 0x00, 0x1F, 0xFF,
  0xFF, 0xF8, 0x00, 0x00, 0x01, 0xFF, 0xFF, 0xF0, 0x00, 0x00, 0x00, 0x7F,
  0xFF, 0xF0, 0x00, 0x00, 0x00, 0x1F, 0xFF, 0xE0, 0x00, 0x00, 0x00, 0x1F,
  0xFF, 0xC0, 0x00, 0x00, 0x00, 0x1F, 0xFF, 0x80, 0x08, 0x00, 0x00, 0x3F,
  0xFF, 0x00, 0xF0, 0x00, 0x00, 0x3F, 0xFE, 0x0F, 0xF0, 0x00, 0x00, 0x7F,
  0xFC, 0x7F, 0xE0, 0x00, 0x01, 0xFF, 0xF7, 0xFF, 0xE0, 0x00, 0x03, 0xFF,
  0xEF, 0xFF, 0xE0, 0x00, 0x0F, 0xFF, 0xCF, 0xFF, 0xF0, 0x00, 0x3F, 0xFF,
  0x1F, 0xFF, 0xFC, 0x03, 0xFF, 0xFE, 0x1F, 0xFF, 0xFF, 0xFF, 0xFF, 0xF8,
  0x1F, 0xFF, 0xFF, 0xFF, 0xFF, 0xE0, 0x1F, 0xFF, 0xFF, 0xFF, 0xFF, 0xC0,
  0x1F, 0xFF, 0xFF, 0xFF, 0xFF, 0x00, 0x1F, 0xFF, 0xFF, 0xFF, 0xFC, 0x00,
  0x1F, 0xFF, 0xFF, 0xFF, 0xE0, 0x00, 0x0F, 0xFF, 0xFF, 0xFF, 0x80, 0x00,
  0x07, 0xFF, 0xFF, 0xFC, 0x00, 0x00, 0x03, 0xFF, 0xFF, 0xC0, 0x00, 0x00,
  0x00, 0x7F, 0xF8, 0x00, 0x00, 0xFF, 0xFF, 0xFF, 0xFF, 0xFF, 0xFF, 0xFF,
  0xFF, 0xFF, 0xFF, 0xFF, 0xFF, 0xFF, 0xFF, 0xFF, 0xFF, 0xFF, 0xFF, 0xFF,
  0xFF, 0xFF, 0xFF, 0xFF, 0xFF, 0xFF, 0xFF, 0xFF, 0xFF, 0xFF, 0xFF, 0xFF,
  0xFF, 0xFF, 0xFF, 0xFF, 0xFF, 0xFF, 0xFF, 0xFF, 0xFF, 0xFF, 0xFF, 0xFF,
  0xFF, 0xFF, 0xFF, 0xFF, 0xFF, 0xFF, 0xFF, 0xFF, 0xFF, 0xFF, 0xFF, 0xFF,
  0xFF, 0xFF, 0xFF, 0xFF, 0xFF, 0xFF, 0xFF, 0xFF, 0xFF, 0xFF, 0xFF, 0x00,
  0x00, 0x3F, 0xFE, 0x00, 0x00, 0x00, 0x00, 0x3F, 0xFE, 0x00, 0x00, 0x00,
  0x00, 0x3F, 0xFE, 0x00, 0x00, 0x00, 0x00, 0x3F, 0xFE, 0x00, 0x00, 0x00,
  0x00, 0x3F, 0xFE, 0x00, 0x00, 0x00, 0x00, 0x3F, 0xFE, 0x00, 0x00, 0x00,
  0x00, 0x3F, 0xFE, 0x00, 0x00, 0x00, 0x00, 0x3F, 0xFE, 0x00, 0x00, 0x00,
  0x00, 0x3F, 0xFE, 0x00, 0x00, 0x00, 0x00, 0x3F, 0xFE, 0x00, 0x00, 0x00,
  0x00, 0x3F, 0xFE, 0x00, 0x00, 0x00, 0x00, 0x3F, 0xFE, 0x00, 0x00, 0x00,
  0x00, 0x3F, 0xFE, 0x00, 0x00, 0x00, 0x00, 0x3F, 0xFE, 0x00, 0x00, 0x00,
  0x00, 0x3F, 0xFE, 0x00, 0x00, 0x00, 0x00, 0x3F, 0xFE, 0x00, 0x00, 0x00,
  0x00, 0x3F, 0xFE, 0x00, 0x00, 0x00, 0x00, 0x3F, 0xFE, 0x00, 0x00, 0x00,
  0x00, 0x3F, 0xFE, 0x00, 0x00, 0x00, 0x00, 0x3F, 0xFE, 0x00, 0x00, 0x00,
  0x00, 0x3F, 0xFE, 0x00, 0x00, 0x00, 0x00, 0x3F, 0xFE, 0x00, 0x00, 0x00,
  0x00, 0x3F, 0xFE, 0x00, 0x00, 0x00, 0x00, 0x3F, 0xFE, 0x00, 0x00, 0x00,
  0x00, 0x3F, 0xFE, 0x00, 0x00, 0x00, 0x00, 0x3F, 0xFE, 0x00, 0x00, 0x00,
  0x00, 0x3F, 0xFE, 0x00, 0x00, 0x00, 0x00, 0x3F, 0xFE, 0x00, 0x00, 0x00,
  0x00, 0x3F, 0xFE, 0x00, 0x00, 0x00, 0x00, 0x3F, 0xFE, 0x00, 0x00, 0x00,
  0x00, 0x3F, 0xFE, 0x00, 0x00, 0x00, 0x00, 0x3F, 0xFE, 0x00, 0x00, 0x00,
  0x00, 0x3F, 0xFE, 0x00, 0x00, 0x00, 0x00, 0x3F, 0xFE, 0x00, 0x00, 0x00,
  0x00, 0x3F, 0xFE, 0x00, 0x00, 0x00, 0x00, 0x3F, 0xFE, 0x00, 0x00, 0x00,
  0x00, 0x3F, 0xFE, 0x00, 0x00, 0x00, 0x00, 0x3F, 0xFE, 0x00, 0x00, 0x00,
  0x00, 0x3F, 0xFE, 0x00, 0x00, 0x00, 0x00, 0x3F, 0xFE, 0x00, 0x00, 0x00,
  0x00, 0x3F, 0xFE, 0x00, 0x00, 0x00, 0x00, 0x3F, 0xFE, 0x00, 0x00, 0x00,
  0x00, 0x3F, 0xFE, 0x00, 0x00, 0x00, 0x00, 0x3F, 0xFE, 0x00, 0x00, 0xFF,
  0xF8, 0x00, 0x00, 0x3F, 0xFF, 0xFF, 0xF0, 0x00, 0x00, 0x7F, 0xFF, 0xFF,
  0xE0, 0x00, 0x00, 0xFF, 0xFF, 0xFF, 0xC0, 0x00, 0x01, 0xFF, 0xFF, 0xFF,
  0x80, 0x00, 0x03, 0xFF, 0xFF, 0xFF, 0x00, 0x00, 0x07, 0xFF, 0xFF, 0xFE,
  0x00, 0x00, 0x0F, 0xFF, 0xFF, 0xFC, 0x00, 0x00, 0x1F, 0xFF, 0xFF, 0xF8,
  0x00, 0x00, 0x3F, 0xFF, 0xFF, 0xF0, 0x00, 0x00, 0x7F, 0xFF, 0xFF, 0xE0,
  0x00, 0x00, 0xFF, 0xFF, 0xFF, 0xC0, 0x00, 0x01, 0xFF, 0xFF, 0xFF, 0x80,
  0x00, 0x03, 0xFF, 0xFF, 0xFF, 0x00, 0x00, 0x07, 0xFF, 0xFF, 0xFE, 0x00,
  0x00, 0x0F, 0xFF, 0xFF, 0xFC, 0x00, 0x00, 0x1F, 0xFF, 0xFF, 0xF8, 0x00,
  0x00, 0x3F, 0xFF, 0xFF, 0xF0, 0x00, 0x00, 0x7F, 0xFF, 0xFF, 0xE0, 0x00,
  0x00, 0xFF, 0xFF, 0xFF, 0xC0, 0x00, 0x01, 0xFF, 0xFF, 0xFF, 0x80, 0x00,
  0x03, 0xFF, 0xFF, 0xFF, 0x00, 0x00, 0x07, 0xFF, 0xFF, 0xFE, 0x00, 0x00,
  0x0F, 0xFF, 0xFF, 0xFC, 0x00, 0x00, 0x1F, 0xFF, 0xFF, 0xF8, 0x00, 0x00,
  0x3F, 0xFF, 0xFF, 0xF0, 0x00, 0x00, 0x7F, 0xFF, 0xFF, 0xE0, 0x00, 0x00,
  0xFF, 0xFF, 0xFF, 0xC0, 0x00, 0x01, 0xFF, 0xFF, 0xFF, 0x80, 0x00, 0x03,
  0xFF, 0xFF, 0xFF, 0x00, 0x00, 0x07, 0xFF, 0xFF, 0xFE, 0x00, 0x00, 0x0F,
  0xFF, 0xFF, 0xFC, 0x00, 0x00, 0x1F, 0xFF, 0xFF, 0xF8, 0x00, 0x00, 0x3F,
  0xFF, 0xFF, 0xF0, 0x00, 0x00, 0x7F, 0xFF, 0xFF, 0xE0, 0x00, 0x00, 0xFF,
  0xFF, 0xFF, 0xC0, 0x00, 0x01, 0xFF, 0xFF, 0xFF, 0x80, 0x00, 0x07, 0xFF,
  0xDF, 0xFF, 0x00, 0x00, 0x0F, 0xFF, 0xBF, 0xFE, 0x00, 0x00, 0x1F, 0xFF,
  0x7F, 0xFE, 0x00, 0x00, 0x3F, 0xFE, 0x7F, 0xFC, 0x00, 0x00, 0xFF, 0xFC,
  0xFF, 0xFC, 0x00, 0x01, 0xFF, 0xF9, 0xFF, 0xF8, 0x00, 0x07, 0xFF, 0xE3,
  0xFF, 0xFC, 0x00, 0x1F, 0xFF, 0xC3, 0xFF, 0xFE, 0x01, 0xFF, 0xFF, 0x87,
  0xFF, 0xFF, 0xFF, 0xFF, 0xFE, 0x07, 0xFF, 0xFF, 0xFF, 0xFF, 0xFC, 0x0F,
  0xFF, 0xFF, 0xFF, 0xFF, 0xF0, 0x0F, 0xFF, 0xFF, 0xFF, 0xFF, 0xC0, 0x0F,
  0xFF, 0xFF, 0xFF, 0xFF, 0x80, 0x0F, 0xFF, 0xFF, 0xFF, 0xFE, 0x00, 0x0F,
  0xFF, 0xFF, 0xFF, 0xF8, 0x00, 0x0F, 0xFF, 0xFF, 0xFF, 0xC0, 0x00, 0x07,
  0xFF, 0xFF, 0xFE, 0x00, 0x00, 0x03, 0xFF, 0xFF, 0xF0, 0x00, 0x00, 0x00,
  0x7F, 0xFE, 0x00, 0x00, 0xFF, 0xF8, 0x00, 0x00, 0x03, 0xFF, 0xFF, 0xFF,
  0xC0, 0x00, 0x00, 0x3F, 0xFE, 0x7F, 0xFC, 0x00, 0x00, 0x03, 0xFF, 0xE7,
  0xFF, 0xC0, 0x00, 0x00, 0x7F, 0xFE, 0x7F, 0xFE, 0x00, 0x00, 0x07, 0xFF,
  0xC3, 0xFF, 0xE0, 0x00, 0x00, 0x7F, 0xFC, 0x3F, 0xFE, 0x00, 0x00, 0x0F,
  0xFF, 0xC3, 0xFF, 0xF0, 0x00, 0x00, 0xFF, 0xF8, 0x1F, 0xFF, 0x00, 0x00,
  0x0F, 0xFF, 0x81, 0xFF, 0xF0, 0x00, 0x01, 0xFF, 0xF8, 0x1F, 0xFF, 0x80,
  0x00, 0x1F, 0xFF, 0x00, 0xFF, 0xF8, 0x00, 0x01, 0xFF, 0xF0, 0x0F, 0xFF,
  0x80, 0x00, 0x1F, 0xFF, 0x00, 0xFF, 0xF8, 0x00, 0x03, 0xFF, 0xE0, 0x07,
  0xFF, 0xC0, 0x00, 0x3F, 0xFE, 0x00, 0x7F, 0xFC, 0x00, 0x03, 0xFF, 0xE0,
  0x07, 0xFF, 0xC0, 0x00, 0x7F, 0xFC, 0x00, 0x3F, 0xFE, 0x00, 0x07, 0xFF,
  0xC0, 0x03, 0xFF, 0xE0, 0x00, 0x7F, 0xFC, 0x00, 0x3F, 0xFE, 0x00, 0x0F,
  0xFF, 0x80, 0x01, 0xFF, 0xF0, 0x00, 0xFF, 0xF8, 0x00, 0x1F, 0xFF, 0x00,
  0x0F, 0xFF, 0x80, 0x01, 0xFF, 0xF0, 0x01, 0xFF, 0xF0, 0x00, 0x0F, 0xFF,
  0x80, 0x1F, 0xFF, 0x00, 0x00, 0xFF, 0xF8, 0x01, 0xFF, 0xF0, 0x00, 0x0F,
  0xFF, 0x80, 0x1F, 0xFE, 0x00, 0x00, 0x7F, 0xF8, 0x03, 0xFF, 0xE0, 0x00,
  0x07, 0xFF, 0xC0, 0x3F, 0xFE, 0x00, 0x00, 0x7F, 0xFC, 0x03, 0xFF, 0xC0,
  0x00, 0x03, 0xFF, 0xC0, 0x7F, 0xFC, 0x00, 0x00, 0x3F, 0xFE, 0x07, 0xFF,
  0xC0, 0x00, 0x03, 0xFF, 0xE0, 0x7F, 0xF8, 0x00, 0x00, 0x1F, 0xFE, 0x0F,
  0xFF, 0x80, 0x00, 0x01, 0xFF, 0xF0, 0xFF, 0xF8, 0x00, 0x00, 0x1F, 0xFF,
  0x0F, 0xFF, 0x00, 0x00, 0x00, 0xFF, 0xF1, 0xFF, 0xF0, 0x00, 0x00, 0x0F,
  0xFF, 0x9F, 0xFF, 0x00, 0x00, 0x00, 0xFF, 0xF9, 0xFF, 0xE0, 0x00, 0x00,
  0x07, 0xFF, 0xBF, 0xFE, 0x00, 0x00, 0x00, 0x7F, 0xFB, 0xFF, 0xE0, 0x00,
  0x00, 0x07, 0xFF, 0xFF, 0xFC, 0x00, 0x00, 0x00, 0x3F, 0xFF, 0xFF, 0xC0,
  0x00, 0x00, 0x03, 0xFF, 0xFF, 0xFC, 0x00, 0x00, 0x00, 0x3F, 0xFF, 0xFF,
  0x80, 0x00, 0x00, 0x01, 0xFF, 0xFF, 0xF8, 0x00, 0x00, 0x00, 0x1F, 0xFF,
  0xFF, 0x80, 0x00, 0x00, 0x01, 0xFF, 0xFF, 0xF0, 0x00, 0x00, 0x00, 0x0F,
  0xFF, 0xFF, 0x00, 0x00, 0x00, 0x00, 0xFF, 0xFF, 0xF0, 0x00, 0x00, 0x00,
  0x0F, 0xFF, 0xFE, 0x00, 0x00, 0x00, 0x00, 0x7F, 0xFF, 0xE0, 0x00, 0x00,
  0x00, 0x07, 0xFF, 0xFE, 0x00, 0x00, 0x00, 0x00, 0x3F, 0xFF, 0xC0, 0x00,
  0x00, 0x00, 0x03, 0xFF, 0xFC, 0x00, 0x00, 0x00, 0x00, 0x3F, 0xFF, 0xC0,
  0x00, 0x00, 0xFF, 0xF8, 0x00, 0x0F, 0xFF, 0xC0, 0x00, 0x3F, 0xFF, 0xFF,
  0xF0, 0x00, 0x1F, 0xFF, 0x80, 0x00, 0xFF, 0xFB, 0xFF, 0xE0, 0x00, 0x3F,
  0xFF, 0x00, 0x01, 0xFF, 0xF3, 0xFF, 0xC0, 0x00, 0x7F, 0xFF, 0x00, 0x03,
  0xFF, 0xE7, 0xFF, 0xC0, 0x01, 0xFF, 0xFE, 0x00, 0x07, 0xFF, 0xCF, 0xFF,
  0x80, 0x03, 0xFF, 0xFC, 0x00, 0x0F, 0xFF, 0x1F, 0xFF, 0x00, 0x07, 0xFF,
  0xF8, 0x00, 0x3F, 0xFE, 0x1F, 0xFE, 0x00, 0x0F, 0xFF, 0xF0, 0x00, 0x7F,
  0xFC, 0x3F, 0xFC, 0x00, 0x1F, 0xFF, 0xF0, 0x00, 0xFF, 0xF8, 0x7F, 0xFC,
  0x00, 0x7F, 0xFF, 0xE0, 0x01, 0xFF, 0xE0, 0xFF, 0xF8, 0x00, 0xFF, 0xFF,
  0xC0, 0x03, 0xFF, 0xC0, 0xFF, 0xF0, 0x01, 0xFF, 0xFF, 0x80, 0x0F, 0xFF,
  0x81, 0xFF, 0xE0, 0x03, 0xFF, 0xFF, 0x80, 0x1F, 0xFF, 0x03, 0xFF, 0xC0,
  0x07, 0xFF, 0xFF, 0x00, 0x3F, 0xFC, 0x07, 0xFF, 0xC0, 0x1F, 0xFF, 0xFE,
  0x00, 0x7F, 0xF8, 0x07, 0xFF, 0x80, 0x3F, 0xFF, 0xFC, 0x00, 0xFF, 0xF0,
  0x0F, 0xFF, 0x00, 0x7F, 0xFF, 0xF8, 0x03, 0xFF, 0xE0, 0x1F, 0xFE, 0x00,
  0xFF, 0xFF, 0xF8, 0x07, 0xFF, 0x80, 0x3F, 0xFC, 0x01, 0xFF, 0xBF, 0xF0,
  0x0F, 0xFF, 0x00, 0x7F, 0xFC, 0x07, 0xFF, 0x7F, 0xE0, 0x1F, 0xFE, 0x00,
  0x7F, 0xF8, 0x0F, 0xFC, 0xFF, 0xC0, 0x3F, 0xFC, 0x00, 0xFF, 0xF0, 0x1F,
  0xF9, 0xFF, 0x80, 0xFF, 0xF0, 0x01, 0xFF, 0xE0, 0x3F, 0xF3, 0xFF, 0x81,
  0xFF, 0xE0, 0x03, 0xFF, 0xC0, 0x7F, 0xE3, 0xFF, 0x03, 0xFF, 0xC0, 0x03,
  0xFF, 0xC1, 0xFF, 0xC7, 0xFE, 0x07, 0xFF, 0x80, 0x07, 0xFF, 0x83, 0xFF,
  0x0F, 0xFC, 0x0F, 0xFE, 0x00, 0x0F, 0xFF, 0x07, 0xFE, 0x1F, 0xF8, 0x3F,
  0xFC, 0x00, 0x1F, 0xFE, 0x0F, 0xFC, 0x3F, 0xF8, 0x7F, 0xF8, 0x00, 0x1F,
  0xFC, 0x3F, 0xF8, 0x3F, 0xF0, 0xFF, 0xF0, 0x00, 0x3F, 0xFC, 0x7F, 0xE0,
  0x7F, 0xE1, 0xFF, 0xE0, 0x00, 0x7F, 0xF8, 0xFF, 0xC0, 0xFF, 0xC3, 0xFF,
  0x80, 0x00, 0xFF, 0xF1, 0xFF, 0x81, 0xFF, 0xCF, 0xFF, 0x00, 0x00, 0xFF,
  0xE3, 0xFF, 0x01, 0xFF, 0x9F, 0xFE, 0x00, 0x01, 0xFF, 0xCF, 0xFE, 0x03,
  0xFF, 0x3F, 0xFC, 0x00, 0x03, 0xFF, 0xDF, 0xF8, 0x07, 0xFE, 0x7F, 0xF0,
  0x00, 0x07, 0xFF, 0xBF, 0xF0, 0x0F, 0xFC, 0xFF, 0xE0, 0x00, 0x07, 0xFF,
  0x7F, 0xE0, 0x1F, 0xFF, 0xFF, 0xC0, 0x00, 0x0F, 0xFE, 0xFF, 0xC0, 0x1F,
  0xFF, 0xFF, 0x80, 0x00, 0x1F, 0xFF, 0xFF, 0x00, 0x3F, 0xFF, 0xFE, 0x00,
  0x00, 0x3F, 0xFF, 0xFE, 0x00, 0x7F, 0xFF, 0xFC, 0x00, 0x00, 0x3F, 0xFF,
  0xFC, 0x00, 0xFF, 0xFF, 0xF8, 0x00, 0x00, 0x7F, 0xFF, 0xF8, 0x00, 0xFF,
  0xFF, 0xF0, 0x00, 0x00, 0xFF, 0xFF, 0xF0, 0x01, 0xFF, 0xFF, 0xC0, 0x00,
  0x01, 0xFF, 0xFF, 0xC0, 0x03, 0xFF, 0xFF, 0x80, 0x00, 0x03, 0xFF, 0xFF,
  0x80, 0x07, 0xFF, 0xFF, 0x00, 0x00, 0x03, 0xFF, 0xFF, 0x00, 0x0F, 0xFF,
  0xFE, 0x00, 0x00, 0x07, 0xFF, 0xFE, 0x00, 0x0F, 0xFF, 0xF8, 0x00, 0x00,
  0x0F, 0xFF, 0xFC, 0x00, 0x1F, 0xFF, 0xF0, 0x00, 0x00, 0x1F, 0xFF, 0xF0,
  0x00, 0x3F, 0xFF, 0xE0, 0x00, 0x00, 0x1F, 0xFF, 0xE0, 0x00, 0x7F, 0xFF,
  0xC0, 0x00, 0x00, 0x3F, 0xFF, 0xC0, 0x00, 0x7F, 0xFF, 0x00, 0x00, 0x00,
  0x7F, 0xFF, 0x80, 0x00, 0xFF, 0xFE, 0x00, 0x00, 0x00, 0xFF, 0xFE, 0x00,
  0x01, 0xFF, 0xFC, 0x00, 0x00, 0x00, 0xFF, 0xFC, 0x00, 0x03, 0xFF, 0xF8,
  0x00, 0x00, 0x01, 0xFF, 0xF8, 0x00, 0x07, 0xFF, 0xF0, 0x00, 0x00, 0x7F,
  0xFF, 0x80, 0x00, 0x01, 0xFF, 0xFC, 0x3F, 0xFF, 0x80, 0x00, 0x03, 0xFF,
  0xF8, 0x1F, 0xFF, 0xC0, 0x00, 0x07, 0xFF, 0xF8, 0x1F, 0xFF, 0xE0, 0x00,
  0x0F, 0xFF, 0xF0, 0x0F, 0xFF, 0xF0, 0x00, 0x0F, 0xFF, 0xE0, 0x07, 0xFF,
  0xF0, 0x00, 0x1F, 0xFF, 0xE0, 0x07, 0xFF, 0xF8, 0x00, 0x3F, 0xFF, 0xC0,
  0x03, 0xFF, 0xFC, 0x00, 0x3F, 0xFF, 0x80, 0x01, 0xFF, 0xFC, 0x00, 0x7F,
  0xFF, 0x00, 0x00, 0xFF, 0xFE, 0x00, 0xFF, 0xFF, 0x00, 0x00, 0xFF, 0xFF,
  0x00, 0xFF, 0xFE, 0x00, 0x00, 0x7F, 0xFF, 0x01, 0xFF, 0xFC, 0x00, 0x00,
  0x3F, 0xFF, 0x83, 0xFF, 0xFC, 0x00, 0x00, 0x3F, 0xFF, 0xC3, 0xFF, 0xF8,
  0x00, 0x00, 0x1F, 0xFF, 0xC7, 0xFF, 0xF0, 0x00, 0x00, 0x0F, 0xFF, 0xEF,
  0xFF, 0xF0, 0x00, 0x00, 0x0F, 0xFF, 0xFF, 0xFF, 0xE0, 0x00, 0x00, 0x07,
  0xFF, 0xFF, 0xFF, 0xC0, 0x00, 0x00, 0x03, 0xFF, 0xFF, 0xFF, 0x80, 0x00,
  0x00, 0x01, 0xFF, 0xFF, 0xFF, 0x80, 0x00, 0x00, 0x01, 0xFF, 0xFF, 0xFF,
  0x00, 0x00, 0x00, 0x00, 0xFF, 0xFF, 0xFE, 0x00, 0x00, 0x00, 0x00, 0x7F,
  0xFF, 0xFE, 0x00, 0x00, 0x00, 0x00, 0x7F, 0xFF, 0xFC, 0x00, 0x00, 0x00,
  0x00, 0x3F, 0xFF, 0xF8, 0x00, 0x00, 0x00, 0x00, 0x1F, 0xFF, 0xF8, 0x00,
  0x00, 0x00, 0x00, 0x1F, 0xFF, 0xF0, 0x00, 0x00, 0x00, 0x00, 0x0F, 0xFF,
  0xF0, 0x00, 0x00, 0x00, 0x00, 0x1F, 0xFF, 0xF0, 0x00, 0x00, 0x00, 0x00,
  0x3F, 0xFF, 0xF8, 0x00, 0x00, 0x00, 0x00, 0x7F, 0xFF, 0xFC, 0x00, 0x00,
  0x00, 0x00, 0x7F, 0xFF, 0xFE, 0x00, 0x00, 0x00, 0x00, 0xFF, 0xFF, 0xFE,
  0x00, 0x00, 0x00, 0x01, 0xFF, 0xFF, 0xFF, 0x00, 0x00, 0x00, 0x01, 0xFF,
  0xFF, 0xFF, 0x80, 0x00, 0x00, 0x03, 0xFF, 0xFF, 0xFF, 0x80, 0x00, 0x00,
  0x07, 0xFF, 0xFF, 0xFF, 0xC0, 0x00, 0x00, 0x0F, 0xFF, 0xFF, 0xFF, 0xE0,
  0x00, 0x00, 0x0F, 0xFF, 0xEF, 0xFF, 0xF0, 0x00, 0x00, 0x1F, 0xFF, 0xE7,
  0xFF, 0xF0, 0x00, 0x00, 0x3F, 0xFF, 0xC7, 0xFF, 0xF8, 0x00, 0x00, 0x3F,
  0xFF, 0x83, 0xFF, 0xFC, 0x00, 0x00, 0x7F, 0xFF, 0x01, 0xFF, 0xFC, 0x00,
  0x00, 0xFF, 0xFF, 0x00, 0xFF, 0xFE, 0x00, 0x01, 0xFF, 0xFE, 0x00, 0xFF,
  0xFF, 0x00, 0x01, 0xFF, 0xFC, 0x00, 0x7F, 0xFF, 0x80, 0x03, 0xFF, 0xF8,
  0x00, 0x3F, 0xFF, 0x80, 0x07, 0xFF, 0xF8, 0x00, 0x1F, 0xFF, 0xC0, 0x0F,
  0xFF, 0xF0, 0x00, 0x1F, 0xFF, 0xE0, 0x0F, 0xFF, 0xE0, 0x00, 0x0F, 0xFF,
  0xF0, 0x1F, 0xFF, 0xE0, 0x00, 0x07, 0xFF, 0xF0, 0x3F, 0xFF, 0xC0, 0x00,
  0x07, 0xFF, 0xF8, 0x3F, 0xFF, 0x80, 0x00, 0x03, 0xFF, 0xFC, 0x7F, 0xFF,
  0x00, 0x00, 0x01, 0xFF, 0xFC, 0xFF, 0xFF, 0x00, 0x00, 0x00, 0xFF, 0xFF,
  0xFF, 0xFE, 0x00, 0x00, 0x01, 0xFF, 0xFE, 0xFF, 0xFE, 0x00, 0x00, 0x07,
  0xFF, 0xF9, 0xFF, 0xFC, 0x00, 0x00, 0x0F, 0xFF, 0xE1, 0xFF, 0xFC, 0x00,
  0x00, 0x3F, 0xFF, 0x81, 0xFF, 0xF8, 0x00, 0x00, 0x7F, 0xFF, 0x03, 0xFF,
  0xF8, 0x00, 0x01, 0xFF, 0xFC, 0x03, 0xFF, 0xF8, 0x00, 0x03, 0xFF, 0xF8,
  0x07, 0xFF, 0xF0, 0x00, 0x0F, 0xFF, 0xE0, 0x07, 0xFF, 0xF0, 0x00, 0x1F,
  0xFF, 0x80, 0x07, 0xFF, 0xE0, 0x00, 0x7F, 0xFF, 0x00, 0x0F, 0xFF, 0xE0,
  0x01, 0xFF, 0xFC, 0x00, 0x0F, 0xFF, 0xC0, 0x03, 0xFF, 0xF0, 0x00, 0x0F,
  0xFF, 0xC0, 0x0F, 0xFF, 0xE0, 0x00, 0x1F, 0xFF, 0xC0, 0x1F, 0xFF, 0x80,
  0x00, 0x1F, 0xFF, 0x80, 0x7F, 0xFF, 0x00, 0x00, 0x3F, 0xFF, 0x80, 0xFF,
  0xFC, 0x00, 0x00, 0x3F, 0xFF, 0x03, 0xFF, 0xF0, 0x00, 0x00, 0x3F, 0xFF,
  0x0F, 0xFF, 0xE0, 0x00, 0x00, 0x7F, 0xFE, 0x1F, 0xFF, 0x80, 0x00, 0x00,
  0x7F, 0xFE, 0x7F, 0xFF, 0x00, 0x00, 0x00, 0xFF, 0xFC, 0xFF, 0xFC, 0x00,
  0x00, 0x00, 0xFF, 0xFF, 0xFF, 0xF0, 0x00, 0x00, 0x00, 0xFF, 0xFF, 0xFF,
  0xE0, 0x00, 0x00, 0x01, 0xFF, 0xFF, 0xFF, 0x80, 0x00, 0x00, 0x01, 0xFF,
  0xFF, 0xFE, 0x00, 0x00, 0x00, 0x01, 0xFF, 0xFF, 0xFC, 0x00, 0x00, 0x00,
  0x03, 0xFF, 0xFF, 0xF0, 0x00, 0x00, 0x00, 0x03, 0xFF, 0xFF, 0xE0, 0x00,
  0x00, 0x00, 0x07, 0xFF, 0xFF, 0x80, 0x00, 0x00, 0x00, 0x07, 0xFF, 0xFE,
  0x00, 0x00, 0x00, 0x00, 0x07, 0xFF, 0xFC, 0x00, 0x00, 0x00, 0x00, 0x0F,
  0xFF, 0xF0, 0x00, 0x00, 0x00, 0x00, 0x0F, 0xFF, 0xE0, 0x00, 0x00, 0x00,
  0x00, 0x1F, 0xFF, 0x80, 0x00, 0x00, 0x00, 0x00, 0x1F, 0xFF, 0x00, 0x00,
  0x00, 0x00, 0x00, 0x3F, 0xFE, 0x00, 0x00, 0x00, 0x00, 0x00, 0x7F, 0xFC,
  0x00, 0x00, 0x00, 0x00, 0x00, 0xFF, 0xF8, 0x00, 0x00, 0x00, 0x00, 0x01,
  0xFF, 0xF0, 0x00, 0x00, 0x00, 0x00, 0x03, 0xFF, 0xE0, 0x00, 0x00, 0x00,
  0x00, 0x07, 0xFF, 0xC0, 0x00, 0x00, 0x00, 0x00, 0x0F, 0xFF, 0x80, 0x00,
  0x00, 0x00, 0x00, 0x1F, 0xFF, 0x00, 0x00, 0x00, 0x00, 0x00, 0x3F, 0xFE,
  0x00, 0x00, 0x00, 0x00, 0x00, 0x7F, 0xFC, 0x00, 0x00, 0x00, 0x00, 0x00,
  0xFF, 0xF8, 0x00, 0x00, 0x00, 0x00, 0x01, 0xFF, 0xF0, 0x00, 0x00, 0x00,
  0x00, 0x03, 0xFF, 0xE0, 0x00, 0x00, 0x00, 0x00, 0x07, 0xFF, 0xC0, 0x00,
  0x00, 0x00, 0x00, 0x0F, 0xFF, 0x80, 0x00, 0x00, 0x00, 0x00, 0x1F, 0xFF,
  0x00, 0x00, 0x00, 0x00, 0x00, 0x3F, 0xFE, 0x00, 0x00, 0x00, 0x00, 0x00,
  0x7F, 0xFC, 0x00, 0x00, 0x00, 0x00, 0x00, 0xFF, 0xF8, 0x00, 0x00, 0x00,
  0x00, 0x01, 0xFF, 0xF0, 0x00, 0x00, 0x00, 0x7F, 0xFF, 0xFF, 0xFF, 0xFF,
  0xF3, 0xFF, 0xFF, 0xFF, 0xFF, 0xFF, 0x9F, 0xFF, 0xFF, 0xFF, 0xFF, 0xFC,
  0xFF, 0xFF, 0xFF, 0xFF, 0xFF, 0xE7, 0xFF, 0xFF, 0xFF, 0xFF, 0xFF, 0x3F,
  0xFF, 0xFF, 0xFF, 0xFF, 0xF9, 0xFF, 0xFF, 0xFF, 0xFF, 0xFF, 0xCF, 0xFF,
  0xFF, 0xFF, 0xFF, 0xFE, 0x7F, 0xFF, 0xFF, 0xFF, 0xFF, 0xF3, 0xFF, 0xFF,
  0xFF, 0xFF, 0xFF, 0x9F, 0xFF, 0xFF, 0xFF, 0xFF, 0xF8, 0x00, 0x00, 0x00,
  0x3F, 0xFF, 0xC0, 0x00, 0x00, 0x03, 0xFF, 0xFC, 0x00, 0x00, 0x00, 0x3F,
  0xFF, 0xC0, 0x00, 0x00, 0x03, 0xFF, 0xFC, 0x00, 0x00, 0x00, 0x1F, 0xFF,
  0xC0, 0x00, 0x00, 0x01, 0xFF, 0xFE, 0x00, 0x00, 0x00, 0x1F, 0xFF, 0xE0,
  0x00, 0x00, 0x01, 0xFF, 0xFE, 0x00, 0x00, 0x00, 0x1F, 0xFF, 0xE0, 0x00,
  0x00, 0x00, 0xFF, 0xFE, 0x00, 0x00, 0x00, 0x0F, 0xFF, 0xF0, 0x00, 0x00,
  0x00, 0xFF, 0xFF, 0x00, 0x00, 0x00, 0x0F, 0xFF, 0xF0, 0x00, 0x00, 0x00,
  0xFF, 0xFF, 0x00, 0x00, 0x00, 0x07, 0xFF, 0xF0, 0x00, 0x00, 0x00, 0x7F,
  0xFF, 0x80, 0x00, 0x00, 0x07, 0xFF, 0xF8, 0x00, 0x00, 0x00, 0x7F, 0xFF,
  0x80, 0x00, 0x00, 0x07, 0xFF, 0xF8, 0x00, 0x00, 0x00, 0x3F, 0xFF, 0x80,
  0x00, 0x00, 0x03, 0xFF, 0xFC, 0x00, 0x00, 0x00, 0x3F, 0xFF, 0xC0, 0x00,
  0x00, 0x03, 0xFF, 0xFC, 0x00, 0x00, 0x00, 0x3F, 0xFF, 0xC0, 0x00, 0x00,
  0x01, 0xFF, 0xFC, 0x00, 0x00, 0x00, 0x1F, 0xFF, 0xE0, 0x00, 0x00, 0x01,
  0xFF, 0xFE, 0x00, 0x00, 0x00, 0x1F, 0xFF, 0xE0, 0x00, 0x00, 0x01, 0xFF,
  0xFE, 0x00, 0x00, 0x00, 0x0F, 0xFF, 0xE0, 0x00, 0x00, 0x00, 0xFF, 0xFF,
  0x00, 0x00, 0x00, 0x0F, 0xFF, 0xF0, 0x00, 0x00, 0x00, 0xFF, 0xFF, 0x00,
  0x00, 0x00, 0x0F, 0xFF, 0xFF, 0xFF, 0xFF, 0xFF, 0xFF, 0xFF, 0xFF, 0xFF,
  0xFF, 0xFF, 0xFF, 0xFF, 0xFF, 0xFF, 0xFF, 0xFF, 0xFF, 0xFF, 0xFF, 0xFF,
  0xFF, 0xFF, 0xFF, 0xFF, 0xFF, 0xFF, 0xFF, 0xFF, 0xFF, 0xFF, 0xFF, 0xFF,
  0xFF, 0xFF, 0xFF, 0xFF, 0xFF, 0xFF, 0xFF, 0xFF, 0xFF, 0xFF, 0xFF, 0xFF,
  0xFF, 0xFF, 0xFF, 0xFF, 0xFF, 0xFF, 0xFF, 0xFF, 0xFF, 0xFF, 0xFF, 0xFF,
  0xFF, 0xFF, 0xFF, 0xFF, 0xE0, 0xFF, 0xFF, 0xFF, 0xFF, 0xFF, 0xFF, 0xFF,
  0xFF, 0xFF, 0xFF, 0xFF, 0xFF, 0xFF, 0xFF, 0xFF, 0xFF, 0xFF, 0xFF, 0xFF,
  0xFF, 0xFF, 0xFF, 0xFF, 0xFF, 0xFF, 0xFF, 0xFF, 0xF0, 0x01, 0xFF, 0x80,
  0x0F, 0xFC, 0x00, 0x7F, 0xE0, 0x03, 0xFF, 0x00, 0x1F, 0xF8, 0x00, 0xFF,
  0xC0, 0x07, 0xFE, 0x00, 0x3F, 0xF0, 0x01, 0xFF, 0x80, 0x0F, 0xFC, 0x00,
  0x7F, 0xE0, 0x03, 0xFF, 0x00, 0x1F, 0xF8, 0x00, 0xFF, 0xC0, 0x07, 0xFE,
  0x00, 0x3F, 0xF0, 0x01, 0xFF, 0x80, 0x0F, 0xFC, 0x00, 0x7F, 0xE0, 0x03,
  0xFF, 0x00, 0x1F, 0xF8, 0x00, 0xFF, 0xC0, 0x07, 0xFE, 0x00, 0x3F, 0xF0,
  0x01, 0xFF, 0x80, 0x0F, 0xFC, 0x00, 0x7F, 0xE0, 0x03, 0xFF, 0x00, 0x1F,
  0xF8, 0x00, 0xFF, 0xC0, 0x07, 0xFE, 0x00, 0x3F, 0xF0, 0x01, 0xFF, 0x80,
  0x0F, 0xFC, 0x00, 0x7F, 0xE0, 0x03, 0xFF, 0x00, 0x1F, 0xF8, 0x00, 0xFF,
  0xC0, 0x07, 0xFE, 0x00, 0x3F, 0xF0, 0x01, 0xFF, 0x80, 0x0F, 0xFC, 0x00,
  0x7F, 0xE0, 0x03, 0xFF, 0x00, 0x1F, 0xF8, 0x00, 0xFF, 0xC0, 0x07, 0xFE,
  0x00, 0x3F, 0xFF, 0xFF, 0xFF, 0xFF, 0xFF, 0xFF, 0xFF, 0xFF, 0xFF, 0xFF,
  0xFF, 0xFF, 0xFF, 0xFF, 0xFF, 0xFF, 0xFF, 0xFF, 0xFF, 0xFF, 0xFF, 0xFF,
  0xFF, 0xFF, 0xFF, 0xF0, 0xFF, 0xF8, 0x00, 0x00, 0x1F, 0xFE, 0x00, 0x00,
  0x07, 0xFF, 0xC0, 0x00, 0x00, 0xFF, 0xF0, 0x00, 0x00, 0x3F, 0xFE, 0x00,
  0x00, 0x0F, 0xFF, 0x80, 0x00, 0x01, 0xFF, 0xE0, 0x00, 0x00, 0x7F, 0xFC,
  0x00, 0x00, 0x0F, 0xFF, 0x00, 0x00, 0x03, 0xFF, 0xC0, 0x00, 0x00, 0xFF,
  0xF8, 0x00, 0x00, 0x1F, 0xFE, 0x00, 0x00, 0x07, 0xFF, 0xC0, 0x00, 0x01,
  0xFF, 0xF0, 0x00, 0x00, 0x3F, 0xFC, 0x00, 0x00, 0x0F, 0xFF, 0x80, 0x00,
  0x01, 0xFF, 0xE0, 0x00, 0x00, 0x7F, 0xFC, 0x00, 0x00, 0x1F, 0xFF, 0x00,
  0x00, 0x03, 0xFF, 0xC0, 0x00, 0x00, 0xFF, 0xF8, 0x00, 0x00, 0x1F, 0xFE,
  0x00, 0x00, 0x07, 0xFF, 0x80, 0x00, 0x01, 0xFF, 0xF0, 0x00, 0x00, 0x3F,
  0xFC, 0x00, 0x00, 0x0F, 0xFF, 0x80, 0x00, 0x01, 0xFF, 0xE0, 0x00, 0x00,
  0x7F, 0xF8, 0x00, 0x00, 0x1F, 0xFF, 0x00, 0x00, 0x03, 0xFF, 0xC0, 0x00,
  0x00, 0xFF, 0xF8, 0x00, 0x00, 0x3F, 0xFE, 0x00, 0x00, 0x07, 0xFF, 0x80,
  0x00, 0x01, 0xFF, 0xF0, 0x00, 0x00, 0x3F, 0xFC, 0x00, 0x00, 0x0F, 0xFF,
  0x00, 0x00, 0x03, 0xFF, 0xE0, 0x00, 0x00, 0x7F, 0xF8, 0x00, 0x00, 0x1F,
  0xFF, 0x00, 0x00, 0x03, 0xFF, 0xC0, 0x00, 0x00, 0xFF, 0xF0, 0x00, 0x00,
  0x3F, 0xFE, 0x00, 0x00, 0x07, 0xFF, 0x80, 0x00, 0x01, 0xFF, 0xF0, 0x00,
  0x00, 0x3F, 0xFC, 0x00, 0x00, 0x0F, 0xFF, 0x00, 0x00, 0x03, 0xFF, 0xE0,
  0x00, 0x00, 0x7F, 0xF8, 0x00, 0x00, 0x1F, 0xFF, 0x00, 0x00, 0x07, 0xFF,
  0xC0, 0x00, 0x00, 0xFF, 0xF0, 0x00, 0x00, 0x3F, 0xFE, 0x00, 0x00, 0x07,
  0xFF, 0x80, 0x00, 0x01, 0xFF, 0xE0, 0x00, 0x00, 0x7F, 0xFC, 0xFF, 0xFF,
  0xFF, 0xFF, 0xFF, 0xFF, 0xFF, 0xFF, 0xFF, 0xFF, 0xFF, 0xFF, 0xFF, 0xFF,
  0xFF, 0xFF, 0xFF, 0xFF, 0xFF, 0xFF, 0xFF, 0xFF, 0xFF, 0xFF, 0xFF, 0xFF,
  0xC0, 0x0F, 0xFE, 0x00, 0x7F, 0xF0, 0x03, 0xFF, 0x80, 0x1F, 0xFC, 0x00,
  0xFF, 0xE0, 0x07, 0xFF, 0x00, 0x3F, 0xF8, 0x01, 0xFF, 0xC0, 0x0F, 0xFE,
  0x00, 0x7F, 0xF0, 0x03, 0xFF, 0x80, 0x1F, 0xFC, 0x00, 0xFF, 0xE0, 0x07,
  0xFF, 0x00, 0x3F, 0xF8, 0x01, 0xFF, 0xC0, 0x0F, 0xFE, 0x00, 0x7F, 0xF0,
  0x03, 0xFF, 0x80, 0x1F, 0xFC, 0x00, 0xFF, 0xE0, 0x07, 0xFF, 0x00, 0x3F,
  0xF8, 0x01, 0xFF, 0xC0, 0x0F, 0xFE, 0x00, 0x7F, 0xF0, 0x03, 0xFF, 0x80,
  0x1F, 0xFC, 0x00, 0xFF, 0xE0, 0x07, 0xFF, 0x00, 0x3F, 0xF8, 0x01, 0xFF,
  0xC0, 0x0F, 0xFE, 0x00, 0x7F, 0xF0, 0x03, 0xFF, 0x80, 0x1F, 0xFC, 0x00,
  0xFF, 0xE0, 0x07, 0xFF, 0x00, 0x3F, 0xF8, 0x01, 0xFF, 0xC0, 0x0F, 0xFE,
  0x00, 0x7F, 0xF0, 0x03, 0xFF, 0x80, 0x1F, 0xFC, 0x00, 0xFF, 0xE0, 0x07,
  0xFF, 0x00, 0x3F, 0xF8, 0x01, 0xFF, 0xFF, 0xFF, 0xFF, 0xFF, 0xFF, 0xFF,
  0xFF, 0xFF, 0xFF, 0xFF, 0xFF, 0xFF, 0xFF, 0xFF, 0xFF, 0xFF, 0xFF, 0xFF,
  0xFF, 0xFF, 0xFF, 0xFF, 0xFF, 0xFF, 0xFF, 0xFF, 0xF0, 0x00, 0x00, 0xFF,
  0x80, 0x00, 0x00, 0x01, 0xFF, 0x80, 0x00, 0x00, 0x03, 0xFF, 0xC0, 0x00,
  0x00, 0x03, 0xFF, 0xC0, 0x00, 0x00, 0x07, 0xFF, 0xE0, 0x00, 0x00, 0x07,
  0xFF, 0xE0, 0x00, 0x00, 0x0F, 0xFF, 0xF0, 0x00, 0x00, 0x0F, 0xFF, 0xF0,
  0x00, 0x00, 0x1F, 0xFF, 0xF8, 0x00, 0x00, 0x1F, 0xFF, 0xF8, 0x00, 0x00,
  0x3F, 0xFF, 0xFC, 0x00, 0x00, 0x3F, 0xFF, 0xFC, 0x00, 0x00, 0x7F, 0xFF,
  0xFE, 0x00, 0x00, 0x7F, 0xFF, 0xFE, 0x00, 0x00, 0xFF, 0xFF, 0xFF, 0x00,
  0x00, 0xFF, 0xE7, 0xFF, 0x80, 0x01, 0xFF, 0xE7, 0xFF, 0x80, 0x01, 0xFF,
  0xC3, 0xFF, 0xC0, 0x03, 0xFF, 0xC3, 0xFF, 0xC0, 0x03, 0xFF, 0x81, 0xFF,
  0xE0, 0x07, 0xFF, 0x81, 0xFF, 0xE0, 0x07, 0xFF, 0x00, 0xFF, 0xF0, 0x0F,
  0xFF, 0x00, 0xFF, 0xF0, 0x0F, 0xFE, 0x00, 0x7F, 0xF8, 0x1F, 0xFE, 0x00,
  0x7F, 0xF8, 0x1F, 0xFC, 0x00, 0x3F, 0xFC, 0x3F, 0xFC, 0x00, 0x3F, 0xFC,
  0x3F, 0xF8, 0x00, 0x1F, 0xFE, 0x7F, 0xF8, 0x00, 0x1F, 0xFE, 0xFF, 0xF0,
  0x00, 0x0F, 0xFF, 0xFF, 0xFF, 0xFF, 0xFF, 0xFF, 0xFF, 0xFF, 0xFF, 0xFF,
  0xFF, 0xFF, 0xFF, 0xFF, 0xFF, 0xFF, 0xFF, 0xFF, 0xFF, 0xFF, 0xFF, 0xFF,
  0xFF, 0xFF, 0xFF, 0xFF, 0xFF, 0xFF, 0xFF, 0xFF, 0xFF, 0xFF, 0xFF, 0xFF,
  0xFF, 0xFF, 0xFF, 0xFF, 0xFF, 0xFF, 0xFF, 0xFF, 0xFF, 0xFF, 0xFF, 0xFF,
  0xE0, 0x08, 0x00, 0x1F, 0x80, 0x1F, 0xE0, 0x0F, 0xF8, 0x0F, 0xFC, 0x07,
  0xFF, 0x01, 0xFF, 0xC0, 0xFF, 0xF0, 0x3F, 0xFC, 0x0F, 0xFF, 0x01, 0xFF,
  0x80, 0x7F, 0xE0, 0x1F, 0xF8, 0x00, 0x00, 0xFF, 0xE0, 0x00, 0x00, 0x07,
  0xFF, 0xFE, 0x00, 0x00, 0x0F, 0xFF, 0xFF, 0xE0, 0x00, 0x1F, 0xFF, 0xFF,
  0xF8, 0x00, 0x1F, 0xFF, 0xFF, 0xFE, 0x00, 0x3F, 0xFF, 0xFF, 0xFF, 0x80,
  0x3F, 0xFF, 0xFF, 0xFF, 0xE0, 0x1F, 0xFF, 0xFF, 0xFF, 0xF0, 0x1F, 0xFF,
  0x80, 0xFF, 0xFC, 0x07, 0xFF, 0x00, 0x3F, 0xFE, 0x00, 0xFF, 0x00, 0x0F,
  0xFF, 0x80, 0x0F, 0x80, 0x07, 0xFF, 0xC0, 0x00, 0x80, 0x01, 0xFF, 0xE0,
  0x00, 0x00, 0x00, 0xFF, 0xF0, 0x00, 0x00, 0x00, 0x7F, 0xF8, 0x00, 0x00,
  0x00, 0x3F, 0xFC, 0x00, 0x00, 0x03, 0xFF, 0xFE, 0x00, 0x00, 0x7F, 0xFF,
  0xFF, 0x00, 0x03, 0xFF, 0xFF, 0xFF, 0x80, 0x0F, 0xFF, 0xFF, 0xFF, 0xC0,
  0x1F, 0xFF, 0xFF, 0xFF, 0xE0, 0x3F, 0xFF, 0xFF, 0xFF, 0xF0, 0x3F, 0xFF,
  0xFF, 0xFF, 0xF8, 0x3F, 0xFF, 0xFF, 0xFF, 0xFC, 0x3F, 0xFF, 0xF0, 0x1F,
  0xFE, 0x3F, 0xFF, 0x80, 0x0F, 0xFF, 0x1F, 0xFF, 0x00, 0x07, 0xFF, 0x9F,
  0xFF, 0x00, 0x03, 0xFF, 0xCF, 0xFF, 0x80, 0x01, 0xFF, 0xE7, 0xFF, 0xC0,
  0x01, 0xFF, 0xF3, 0xFF, 0xE0, 0x00, 0xFF, 0xF9, 0xFF, 0xF0, 0x00, 0xFF,
  0xFC, 0xFF, 0xFC, 0x00, 0xFF, 0xFE, 0x7F, 0xFF, 0x81, 0xFF, 0xFF, 0xBF,
  0xFF, 0xFF, 0xFF, 0xFF, 0xCF, 0xFF, 0xFF, 0xFF, 0xFF, 0xE7, 0xFF, 0xFF,
  0xFF, 0xFF, 0xF1, 0xFF, 0xFF, 0xFF, 0x7F, 0xF8, 0x7F, 0xFF, 0xFF, 0x3F,
  0xFC, 0x1F, 0xFF, 0xFF, 0x1F, 0xFE, 0x07, 0xFF, 0xFF, 0x07, 0xFF, 0x00,
  0xFF, 0xFE, 0x03, 0xFF, 0xC0, 0x0F, 0xF8, 0x00, 0x00, 0x00, 0xFF, 0xF8,
  0x00, 0x00, 0x00, 0x1F, 0xFF, 0x00, 0x00, 0x00, 0x03, 0xFF, 0xE0, 0x00,
  0x00, 0x00, 0x7F, 0xFC, 0x00, 0x00, 0x00, 0x0F, 0xFF, 0x80, 0x00, 0x00,
  0x01, 0xFF, 0xF0, 0x00, 0x00, 0x00, 0x3F, 0xFE, 0x00, 0x00, 0x00, 0x07,
  0xFF, 0xC0, 0x00, 0x00, 0x00, 0xFF, 0xF8, 0x00, 0x00, 0x00, 0x1F, 0xFF,
  0x00, 0x00, 0x00, 0x03, 0xFF, 0xE0, 0x00, 0x00, 0x00, 0x7F, 0xFC, 0x00,
  0x00, 0x00, 0x0F, 0xFF, 0x80, 0x00, 0x00, 0x01, 0xFF, 0xF0, 0x0F, 0xF0,
  0x00, 0x3F, 0xFE, 0x0F, 0xFF, 0xC0, 0x07, 0xFF, 0xC3, 0xFF, 0xFE, 0x00,
  0xFF, 0xF9, 0xFF, 0xFF, 0xF0, 0x1F, 0xFF, 0x7F, 0xFF, 0xFF, 0x03, 0xFF,
  0xFF, 0xFF, 0xFF, 0xF0, 0x7F, 0xFF, 0xFF, 0xFF, 0xFF, 0x0F, 0xFF, 0xFF,
  0xFF, 0xFF, 0xE1, 0xFF, 0xFF, 0xFF, 0xFF, 0xFE, 0x3F, 0xFF, 0xFF, 0xFF,
  0xFF, 0xC7, 0xFF, 0xFC, 0x07, 0xFF, 0xFC, 0xFF, 0xFF, 0x00, 0x3F, 0xFF,
  0x9F, 0xFF, 0xC0, 0x03, 0xFF, 0xFB, 0xFF, 0xF0, 0x00, 0x3F, 0xFF, 0x7F,
  0xFC, 0x00, 0x03, 0xFF, 0xEF, 0xFF, 0x80, 0x00, 0x7F, 0xFD, 0xFF, 0xF0,
  0x00, 0x0F, 0xFF, 0xFF, 0xFC, 0x00, 0x00, 0xFF, 0xFF, 0xFF, 0x80, 0x00,
  0x1F, 0xFF, 0xFF, 0xF0, 0x00, 0x03, 0xFF, 0xFF, 0xFE, 0x00, 0x00, 0x7F,
  0xFF, 0xFF, 0xC0, 0x00, 0x0F, 0xFF, 0xFF, 0xF8, 0x00, 0x01, 0xFF, 0xFF,
  0xFF, 0x00, 0x00, 0x3F, 0xFF, 0xFF, 0xE0, 0x00, 0x07, 0xFF, 0xFF, 0xFC,
  0x00, 0x01, 0xFF, 0xFF, 0xFF, 0xC0, 0x00, 0x3F, 0xFE, 0xFF, 0xF8, 0x00,
  0x07, 0xFF, 0xDF, 0xFF, 0x00, 0x01, 0xFF, 0xFB, 0xFF, 0xF0, 0x00, 0x3F,
  0xFF, 0x7F, 0xFF, 0x00, 0x0F, 0xFF, 0xEF, 0xFF, 0xF0, 0x03, 0xFF, 0xF9,
  0xFF, 0xFF, 0x01, 0xFF, 0xFF, 0x3F, 0xFF, 0xFF, 0xFF, 0xFF, 0xC7, 0xFF,
  0xFF, 0xFF, 0xFF, 0xF8, 0xFF, 0xFF, 0xFF, 0xFF, 0xFE, 0x1F, 0xFF, 0xFF,
  0xFF, 0xFF, 0x83, 0xFF, 0xDF, 0xFF, 0xFF, 0xF0, 0x7F, 0xF9, 0xFF, 0xFF,
  0xFC, 0x0F, 0xFF, 0x1F, 0xFF, 0xFF, 0x01, 0xFF, 0xC1, 0xFF, 0xFF, 0x80,
  0x3F, 0xF8, 0x0F, 0xFF, 0xC0, 0x00, 0x00, 0x00, 0x3F, 0xC0, 0x00, 0x00,
  0x00, 0xFF, 0xC0, 0x00, 0x00, 0x1F, 0xFF, 0xF0, 0x00, 0x00, 0xFF, 0xFF,
  0xFC, 0x00, 0x03, 0xFF, 0xFF, 0xFC, 0x00, 0x1F, 0xFF, 0xFF, 0xFC, 0x00,
  0x7F, 0xFF, 0xFF, 0xFE, 0x01, 0xFF, 0xFF, 0xFF, 0xFE, 0x07, 0xFF, 0xFF,
  0xFF, 0xFC, 0x0F, 0xFF, 0xFF, 0xFF, 0xFC, 0x3F, 0xFF, 0xFF, 0xFF, 0xFC,
  0xFF, 0xFF, 0x01, 0xFF, 0xF9, 0xFF, 0xF8, 0x00, 0xFF, 0xC7, 0xFF, 0xE0,
  0x00, 0xFC, 0x0F, 0xFF, 0x80, 0x01, 0xE0, 0x1F, 0xFF, 0x00, 0x02, 0x00,
  0x3F, 0xFC, 0x00, 0x00, 0x00, 0xFF, 0xF8, 0x00, 0x00, 0x01, 0xFF, 0xF0,
  0x00, 0x00, 0x03, 0xFF, 0xE0, 0x00, 0x00, 0x07, 0xFF, 0xC0, 0x00, 0x00,
  0x0F, 0xFF, 0x80, 0x00, 0x00, 0x1F, 0xFF, 0x00, 0x00, 0x00, 0x3F, 0xFE,
  0x00, 0x00, 0x00, 0x7F, 0xFC, 0x00, 0x00, 0x00, 0xFF, 0xF8, 0x00, 0x00,
  0x01, 0xFF, 0xF0, 0x00, 0x00, 0x03, 0xFF, 0xE0, 0x00, 0x00, 0x03, 0xFF,
  0xE0, 0x00, 0x00, 0x07, 0xFF, 0xC0, 0x00, 0x00, 0x0F, 0xFF, 0xC0, 0x01,
  0x00, 0x1F, 0xFF, 0x80, 0x03, 0xC0, 0x1F, 0xFF, 0x80, 0x0F, 0xF0, 0x3F,
  0xFF, 0xC0, 0x7F, 0xF8, 0x3F, 0xFF, 0xFF, 0xFF, 0xFC, 0x7F, 0xFF, 0xFF,
  0xFF, 0xF0, 0x7F, 0xFF, 0xFF, 0xFF, 0xE0, 0x7F, 0xFF, 0xFF, 0xFF, 0x80,
  0x7F, 0xFF, 0xFF, 0xFE, 0x00, 0x7F, 0xFF, 0xFF, 0xF8, 0x00, 0x7F, 0xFF,
  0xFF, 0xC0, 0x00, 0x3F, 0xFF, 0xFE, 0x00, 0x00, 0x1F, 0xFF, 0xF0, 0x00,
  0x00, 0x07, 0xFF, 0x00, 0x00, 0x00, 0x00, 0x00, 0x03, 0xFF, 0xE0, 0x00,
  0x00, 0x00, 0x3F, 0xFE, 0x00, 0x00, 0x00, 0x03, 0xFF, 0xE0, 0x00, 0x00,
  0x00, 0x3F, 0xFE, 0x00, 0x00, 0x00, 0x03, 0xFF, 0xE0, 0x00, 0x00, 0x00,
  0x3F, 0xFE, 0x00, 0x00, 0x00, 0x03, 0xFF, 0xE0, 0x00, 0x00, 0x00, 0x3F,
  0xFE, 0x00, 0x00, 0x00, 0x03, 0xFF, 0xE0, 0x00, 0x00, 0x00, 0x3F, 0xFE,
  0x00, 0x00, 0x00, 0x03, 0xFF, 0xE0, 0x00, 0x00, 0x00, 0x3F, 0xFE, 0x00,
  0x00, 0x00, 0x03, 0xFF, 0xE0, 0x00, 0x7F, 0xC0, 0x3F, 0xFE, 0x00, 0x1F,
  0xFF, 0x03, 0xFF, 0xE0, 0x07, 0xFF, 0xFC, 0x3F, 0xFE, 0x01, 0xFF, 0xFF,
  0xF3, 0xFF, 0xE0, 0x3F, 0xFF, 0xFF, 0xBF, 0xFE, 0x07, 0xFF, 0xFF, 0xFF,
  0xFF, 0xE0, 0xFF, 0xFF, 0xFF, 0xFF, 0xFE, 0x0F, 0xFF, 0xFF, 0xFF, 0xFF,
  0xE1, 0xFF, 0xFF, 0xFF, 0xFF, 0xFE, 0x3F, 0xFF, 0xFF, 0xFF, 0xFF, 0xE3,
  0xFF, 0xFC, 0x07, 0xFF, 0xFE, 0x3F, 0xFF, 0x80, 0x1F, 0xFF, 0xE7, 0xFF,
  0xF0, 0x00, 0xFF, 0xFE, 0x7F, 0xFE, 0x00, 0x07, 0xFF, 0xE7, 0xFF, 0xC0,
  0x00, 0x3F, 0xFE, 0xFF, 0xFC, 0x00, 0x03, 0xFF, 0xEF, 0xFF, 0xC0, 0x00,
  0x3F, 0xFE, 0xFF, 0xF8, 0x00, 0x03, 0xFF, 0xEF, 0xFF, 0x80, 0x00, 0x1F,
  0xFE, 0xFF, 0xF8, 0x00, 0x01, 0xFF, 0xEF, 0xFF, 0x80, 0x00, 0x1F, 0xFE,
  0xFF, 0xF8, 0x00, 0x01, 0xFF, 0xEF, 0xFF, 0x80, 0x00, 0x1F, 0xFE, 0xFF,
  0xF8, 0x00, 0x01, 0xFF, 0xEF, 0xFF, 0x80, 0x00, 0x1F, 0xFE, 0xFF, 0xF8,
  0x00, 0x01, 0xFF, 0xEF, 0xFF, 0xC0, 0x00, 0x3F, 0xFE, 0x7F, 0xFC, 0x00,
  0x03, 0xFF, 0xE7, 0xFF, 0xC0, 0x00, 0x3F, 0xFE, 0x7F, 0xFE, 0x00, 0x07,
  0xFF, 0xE7, 0xFF, 0xF0, 0x00, 0xFF, 0xFE, 0x3F, 0xFF, 0x80, 0x1F, 0xFF,
  0xE3, 0xFF, 0xFE, 0x03, 0xFF, 0xFE, 0x1F, 0xFF, 0xFF, 0xFF, 0xFF, 0xE1,
  0xFF, 0xFF, 0xFF, 0xFF, 0xFE, 0x0F, 0xFF, 0xFF, 0xFF, 0xFF, 0xE0, 0xFF,
  0xFF, 0xFF, 0xFF, 0xFE, 0x07, 0xFF, 0xFF, 0xFD, 0xFF, 0xE0, 0x3F, 0xFF,
  0xFF, 0x9F, 0xFF, 0x01, 0xFF, 0xFF, 0xF0, 0xFF, 0xF0, 0x07, 0xFF, 0xFE,
  0x0F, 0xFF, 0x00, 0x1F, 0xFF, 0x80, 0xFF, 0xF0, 0x00, 0x7F, 0xC0, 0x00,
  0x00, 0x00, 0x00, 0x7F, 0xE0, 0x00, 0x00, 0x00, 0xFF, 0xFF, 0x80, 0x00,
  0x00, 0x7F, 0xFF, 0xFC, 0x00, 0x00, 0x3F, 0xFF, 0xFF, 0xE0, 0x00, 0x0F,
  0xFF, 0xFF, 0xFE, 0x00, 0x03, 0xFF, 0xFF, 0xFF, 0xE0, 0x00, 0xFF, 0xFF,
  0xFF, 0xFE, 0x00, 0x3F, 0xFF, 0xFF, 0xFF, 0xE0, 0x0F, 0xFF, 0xFF, 0xFF,
  0xFE, 0x03, 0xFF, 0xFF, 0xFF, 0xFF, 0xC0, 0x7F, 0xFF, 0x00, 0xFF, 0xFC,
  0x1F, 0xFF, 0x80, 0x07, 0xFF, 0x83, 0xFF, 0xE0, 0x00, 0x7F, 0xF8, 0xFF,
  0xF8, 0x00, 0x07, 0xFF, 0x1F, 0xFE, 0x00, 0x00, 0xFF, 0xE3, 0xFF, 0xC0,
  0x00, 0x0F, 0xFE, 0xFF, 0xF8, 0x00, 0x01, 0xFF, 0xDF, 0xFF, 0x00, 0x00,
  0x3F, 0xFB, 0xFF, 0xFF, 0xFF, 0xFF, 0xFF, 0x7F, 0xFF, 0xFF, 0xFF, 0xFF,
  0xEF, 0xFF, 0xFF, 0xFF, 0xFF, 0xFF, 0xFF, 0xFF, 0xFF, 0xFF, 0xFF, 0xFF,
  0xFF, 0xFF, 0xFF, 0xFF, 0xFF, 0xFF, 0xFF, 0xFF, 0xFF, 0xFF, 0xFF, 0xFF,
  0xFF, 0xFF, 0xFF, 0xFF, 0xFF, 0x00, 0x00, 0x00, 0x03, 0xFF, 0xE0, 0x00,
  0x00, 0x00, 0x3F, 0xFC, 0x00, 0x00, 0x00, 0x07, 0xFF, 0x80, 0x00, 0x00,
  0x00, 0xFF, 0xF8, 0x00, 0x00, 0x00, 0x0F, 0xFF, 0x80, 0x00, 0x80, 0x01,
  0xFF, 0xF8, 0x00, 0x3C, 0x00, 0x1F, 0xFF, 0xC0, 0x1F, 0xF0, 0x03, 0xFF,
  0xFF, 0xFF, 0xFF, 0xC0, 0x3F, 0xFF, 0xFF, 0xFF, 0xFC, 0x03, 0xFF, 0xFF,
  0xFF, 0xFF, 0x00, 0x7F, 0xFF, 0xFF, 0xFF, 0xC0, 0x07, 0xFF, 0xFF, 0xFF,
  0xF0, 0x00, 0x3F, 0xFF, 0xFF, 0xFC, 0x00, 0x03, 0xFF, 0xFF, 0xFE, 0x00,
  0x00, 0x1F, 0xFF, 0xFF, 0x80, 0x00, 0x00, 0xFF, 0xFF, 0x80, 0x00, 0x00,
  0x01, 0xFF, 0x80, 0x00, 0x00, 0x00, 0x00, 0xFF, 0xF0, 0x00, 0x7F, 0xFF,
  0x00, 0x1F, 0xFF, 0xF0, 0x03, 0xFF, 0xFF, 0x00, 0x7F, 0xFF, 0xF0, 0x0F,
  0xFF, 0xFF, 0x00, 0xFF, 0xFF, 0xF0, 0x0F, 0xFF, 0xFF, 0x01, 0xFF, 0xFF,
  0xF0, 0x1F, 0xFF, 0xFF, 0x01, 0xFF, 0xF8, 0x00, 0x1F, 0xFF, 0x00, 0x01,
  0xFF, 0xF0, 0x00, 0x1F, 0xFF, 0x00, 0x01, 0xFF, 0xF0, 0x00, 0x1F, 0xFF,
  0x00, 0x01, 0xFF, 0xF0, 0x00, 0x1F, 0xFF, 0x00, 0x01, 0xFF, 0xF0, 0x0F,
  0xFF, 0xFF, 0xFF, 0xFF, 0xFF, 0xFF, 0xFF, 0xFF, 0xFF, 0xFF, 0xFF, 0xFF,
  0xFF, 0xFF, 0xFF, 0xFF, 0xFF, 0xFF, 0xFF, 0xFF, 0xFF, 0xFF, 0xFF, 0xFF,
  0xFF, 0xFF, 0xFF, 0xFF, 0xFF, 0xFF, 0xFF, 0xFF, 0xFF, 0xFF, 0xF0, 0x1F,
  0xFF, 0x00, 0x01, 0xFF, 0xF0, 0x00, 0x1F, 0xFF, 0x00, 0x01, 0xFF, 0xF0,
  0x00, 0x1F, 0xFF, 0x00, 0x01, 0xFF, 0xF0, 0x00, 0x1F, 0xFF, 0x00, 0x01,
  0xFF, 0xF0, 0x00, 0x1F, 0xFF, 0x00, 0x01, 0xFF, 0xF0, 0x00, 0x1F, 0xFF,
  0x00, 0x01, 0xFF, 0xF0, 0x00, 0x1F, 0xFF, 0x00, 0x01, 0xFF, 0xF0, 0x00,
  0x1F, 0xFF, 0x00, 0x01, 0xFF, 0xF0, 0x00, 0x1F, 0xFF, 0x00, 0x01, 0xFF,
  0xF0, 0x00, 0x1F, 0xFF, 0x00, 0x01, 0xFF, 0xF0, 0x00, 0x1F, 0xFF, 0x00,
  0x01, 0xFF, 0xF0, 0x00, 0x1F, 0xFF, 0x00, 0x01, 0xFF, 0xF0, 0x00, 0x1F,
  0xFF, 0x00, 0x01, 0xFF, 0xF0, 0x00, 0x1F, 0xFF, 0x00, 0x01, 0xFF, 0xF0,
  0x00, 0x1F, 0xFF, 0x00, 0x01, 0xFF, 0xF0, 0x00, 0x1F, 0xFF, 0x00, 0x00,
  0x07, 0xF8, 0x00, 0x00, 0x00, 0x07, 0xFF, 0xE0, 0x1F, 0xFC, 0x01, 0xFF,
  0xFF, 0x03, 0xFF, 0x80, 0xFF, 0xFF, 0xF0, 0xFF, 0xF0, 0x3F, 0xFF, 0xFF,
  0x9F, 0xFE, 0x0F, 0xFF, 0xFF, 0xF3, 0xFF, 0xC3, 0xFF, 0xFF, 0xFF, 0xFF,
  0xF8, 0xFF, 0xFF, 0xFF, 0xFF, 0xFF, 0x1F, 0xFF, 0xFF, 0xFF, 0xFF, 0xE7,
  0xFF, 0xFF, 0xFF, 0xFF, 0xFC, 0xFF, 0xFF, 0x00, 0xFF, 0xFF, 0xBF, 0xFF,
  0x80, 0x07, 0xFF, 0xF7, 0xFF, 0xE0, 0x00, 0x7F, 0xFE, 0xFF, 0xF8, 0x00,
  0x0F, 0xFF, 0xDF, 0xFF, 0x00, 0x00, 0xFF, 0xFF, 0xFF, 0xE0, 0x00, 0x1F,
  0xFF, 0xFF, 0xF8, 0x00, 0x03, 0xFF, 0xFF, 0xFF, 0x00, 0x00, 0x3F, 0xFF,
  0xFF, 0xE0, 0x00, 0x07, 0xFF, 0xFF, 0xFC, 0x00, 0x00, 0xFF, 0xFF, 0xFF,
  0x80, 0x00, 0x1F, 0xFF, 0xFF, 0xF0, 0x00, 0x03, 0xFF, 0xFF, 0xFE, 0x00,
  0x00, 0x7F, 0xFF, 0xFF, 0xC0, 0x00, 0x0F, 0xFF, 0xFF, 0xF8, 0x00, 0x03,
  0xFF, 0xFF, 0xFF, 0x80, 0x00, 0x7F, 0xFD, 0xFF, 0xF0, 0x00, 0x0F, 0xFF,
  0xBF, 0xFF, 0x00, 0x03, 0xFF, 0xF7, 0xFF, 0xF0, 0x00, 0xFF, 0xFE, 0x7F,
  0xFF, 0x00, 0x3F, 0xFF, 0xCF, 0xFF, 0xF8, 0x1F, 0xFF, 0xF8, 0xFF, 0xFF,
  0xFF, 0xFF, 0xFF, 0x1F, 0xFF, 0xFF, 0xFF, 0xFF, 0xE1, 0xFF, 0xFF, 0xFF,
  0xFF, 0xFC, 0x1F, 0xFF, 0xFF, 0xFF, 0xFF, 0x83, 0xFF, 0xFF, 0xFD, 0xFF,
  0xF0, 0x1F, 0xFF, 0xFF, 0x3F, 0xFE, 0x01, 0xFF, 0xFF, 0xC7, 0xFF, 0xC0,
  0x1F, 0xFF, 0xF0, 0xFF, 0xF8, 0x00, 0xFF, 0xF8, 0x1F, 0xFF, 0x00, 0x01,
  0xF0, 0x03, 0xFF, 0xE0, 0x00, 0x00, 0x00, 0x7F, 0xFC, 0x00, 0x00, 0x00,
  0x0F, 0xFF, 0x80, 0x00, 0x00, 0x01, 0xFF, 0xE0, 0x00, 0x00, 0x00, 0x3F,
  0xFC, 0x00, 0x08, 0x00, 0x0F, 0xFF, 0x80, 0x07, 0x80, 0x01, 0xFF, 0xF0,
  0x07, 0xF8, 0x00, 0x7F, 0xFC, 0x07, 0xFF, 0xC0, 0x7F, 0xFF, 0x81, 0xFF,
  0xFF, 0xFF, 0xFF, 0xF0, 0x1F, 0xFF, 0xFF, 0xFF, 0xFC, 0x01, 0xFF, 0xFF,
  0xFF, 0xFF, 0x00, 0x3F, 0xFF, 0xFF, 0xFF, 0xE0, 0x03, 0xFF, 0xFF, 0xFF,
  0xF8, 0x00, 0x3F, 0xFF, 0xFF, 0xFE, 0x00, 0x01, 0xFF, 0xFF, 0xFF, 0x00,
  0x00, 0x0F, 0xFF, 0xFF, 0x80, 0x00, 0x00, 0x7F, 0xFF, 0xC0, 0x00, 0x00,
  0x00, 0x7F, 0x00, 0x00, 0x00, 0xFF, 0xF8, 0x00, 0x00, 0x01, 0xFF, 0xF0,
  0x00, 0x00, 0x03, 0xFF, 0xE0, 0x00, 0x00, 0x07, 0xFF, 0xC0, 0x00, 0x00,
  0x0F, 0xFF, 0x80, 0x00, 0x00, 0x1F, 0xFF, 0x00, 0x00, 0x00, 0x3F, 0xFE,
  0x00, 0x00, 0x00, 0x7F, 0xFC, 0x00, 0x00, 0x00, 0xFF, 0xF8, 0x00, 0x00,
  0x01, 0xFF, 0xF0, 0x00, 0x00, 0x03, 0xFF, 0xE0, 0x00, 0x00, 0x07, 0xFF,
  0xC0, 0x00, 0x00, 0x0F, 0xFF, 0x80, 0x00, 0x00, 0x1F, 0xFF, 0x00, 0xFF,
  0x80, 0x3F, 0xFE, 0x0F, 0xFF, 0xE0, 0x7F, 0xFC, 0x3F, 0xFF, 0xE0, 0xFF,
  0xF9, 0xFF, 0xFF, 0xE1, 0xFF, 0xF7, 0xFF, 0xFF, 0xE3, 0xFF, 0xFF, 0xFF,
  0xFF, 0xE7, 0xFF, 0xFF, 0xFF, 0xFF, 0xCF, 0xFF, 0xFF, 0xFF, 0xFF, 0x9F,
  0xFF, 0xFF, 0xFF, 0xFF, 0xBF, 0xFF, 0xFF, 0xFF, 0xFF, 0x7F, 0xFF, 0xC0,
  0x7F, 0xFE, 0xFF, 0xFE, 0x00, 0x7F, 0xFD, 0xFF, 0xF8, 0x00, 0xFF, 0xFF,
  0xFF, 0xF0, 0x00, 0xFF, 0xFF, 0xFF, 0xC0, 0x01, 0xFF, 0xFF, 0xFF, 0x80,
  0x03, 0xFF, 0xFF, 0xFF, 0x00, 0x07, 0xFF, 0xFF, 0xFE, 0x00, 0x0F, 0xFF,
  0xFF, 0xFC, 0x00, 0x1F, 0xFF, 0xFF, 0xF8, 0x00, 0x3F, 0xFF, 0xFF, 0xF0,
  0x00, 0x7F, 0xFF, 0xFF, 0xE0, 0x00, 0xFF, 0xFF, 0xFF, 0xC0, 0x01, 0xFF,
  0xFF, 0xFF, 0x80, 0x03, 0xFF, 0xFF, 0xFF, 0x00, 0x07, 0xFF, 0xFF, 0xFE,
  0x00, 0x0F, 0xFF, 0xFF, 0xFC, 0x00, 0x1F, 0xFF, 0xFF, 0xF8, 0x00, 0x3F,
  0xFF, 0xFF, 0xF0, 0x00, 0x7F, 0xFF, 0xFF, 0xE0, 0x00, 0xFF, 0xFF, 0xFF,
  0xC0, 0x01, 0xFF, 0xFF, 0xFF, 0x80, 0x03, 0xFF, 0xFF, 0xFF, 0x00, 0x07,
  0xFF, 0xFF, 0xFE, 0x00, 0x0F, 0xFF, 0xFF, 0xFC, 0x00, 0x1F, 0xFF, 0xFF,
  0xF8, 0x00, 0x3F, 0xFF, 0xFF, 0xF0, 0x00, 0x7F, 0xFF, 0xFF, 0xE0, 0x00,
  0xFF, 0xFF, 0xFF, 0xC0, 0x01, 0xFF, 0xFF, 0xFF, 0x80, 0x03, 0xFF, 0xFF,
  0xFF, 0x00, 0x07, 0xFF, 0xFF, 0xFE, 0x00, 0x0F, 0xFF, 0x80, 0x00, 0x1F,
  0x80, 0x01, 0xFF, 0x00, 0x3F, 0xFC, 0x01, 0xFF, 0xE0, 0x1F, 0xFF, 0x80,
  0xFF, 0xFC, 0x07, 0xFF, 0xE0, 0x3F, 0xFF, 0x01, 0xFF, 0xF8, 0x0F, 0xFF,
  0xC0, 0x7F, 0xFE, 0x01, 0xFF, 0xE0, 0x0F, 0xFE, 0x00, 0x1F, 0xE0, 0x00,
  0x7E, 0x00, 0x00, 0x00, 0x00, 0x00, 0x00, 0x00, 0x00, 0x00, 0x00, 0x00,
  0x00, 0x00, 0x00, 0x00, 0x00, 0x7F, 0xFF, 0xFB, 0xFF, 0xFF, 0xDF, 0xFF,
  0xFE, 0xFF, 0xFF, 0xF7, 0xFF, 0xFF, 0xBF, 0xFF, 0xFD, 0xFF, 0xFF, 0xEF,
  0xFF, 0xFF, 0x7F, 0xFF, 0xFB, 0xFF, 0xFF, 0xC0, 0x1F, 0xFE, 0x00, 0xFF,
  0xF0, 0x07, 0xFF, 0x80, 0x3F, 0xFC, 0x01, 0xFF, 0xE0, 0x0F, 0xFF, 0x00,
  0x7F, 0xF8, 0x03, 0xFF, 0xC0, 0x1F, 0xFE, 0x00, 0xFF, 0xF0, 0x07, 0xFF,
  0x80, 0x3F, 0xFC, 0x01, 0xFF, 0xE0, 0x0F, 0xFF, 0x00, 0x7F, 0xF8, 0x03,
  0xFF, 0xC0, 0x1F, 0xFE, 0x00, 0xFF, 0xF0, 0x07, 0xFF, 0x80, 0x3F, 0xFC,
  0x01, 0xFF, 0xE0, 0x0F, 0xFF, 0x00, 0x7F, 0xF8, 0x03, 0xFF, 0xC0, 0x1F,
  0xFE, 0x00, 0xFF, 0xF0, 0x07, 0xFF, 0x80, 0x3F, 0xFC, 0x01, 0xFF, 0xE0,
  0x0F, 0xFF, 0x00, 0x7F, 0xF8, 0x00, 0x03, 0xF0, 0x00, 0x0F, 0xF8, 0x00,
  0x1F, 0xFC, 0x00, 0x1F, 0xFE, 0x00, 0x3F, 0xFF, 0x00, 0x3F, 0xFF, 0x00,
  0x7F, 0xFF, 0x00, 0x7F, 0xFF, 0x00, 0x7F, 0xFF, 0x00, 0x3F, 0xFF, 0x00,
  0x3F, 0xFF, 0x00, 0x1F, 0xFE, 0x00, 0x1F, 0xFC, 0x00, 0x0F, 0xF8, 0x00,
  0x03, 0xE0, 0x00, 0x00, 0x00, 0x00, 0x00, 0x00, 0x00, 0x00, 0x00, 0x00,
  0x00, 0x00, 0x00, 0x00, 0x00, 0x00, 0x00, 0x00, 0x00, 0x00, 0x00, 0x00,
  0x1F, 0xFE, 0x00, 0x1F, 0xFE, 0x00, 0x1F, 0xFE, 0x00, 0x1F, 0xFE, 0x00,
  0x1F, 0xFE, 0x00, 0x1F, 0xFE, 0x00, 0x1F, 0xFE, 0x00, 0x1F, 0xFE, 0x00,
  0x1F, 0xFE, 0x00, 0x1F, 0xFE, 0x00, 0x1F, 0xFE, 0x00, 0x1F, 0xFE, 0x00,
  0x1F, 0xFE, 0x00, 0x1F, 0xFE, 0x00, 0x1F, 0xFE, 0x00, 0x1F, 0xFE, 0x00,
  0x1F, 0xFE, 0x00, 0x1F, 0xFE, 0x00, 0x1F, 0xFE, 0x00, 0x1F, 0xFE, 0x00,
  0x1F, 0xFE, 0x00, 0x1F, 0xFE, 0x00, 0x1F, 0xFE, 0x00, 0x1F, 0xFE, 0x00,
  0x1F, 0xFE, 0x00, 0x1F, 0xFE, 0x00, 0x1F, 0xFE, 0x00, 0x1F, 0xFE, 0x00,
  0x1F, 0xFE, 0x00, 0x1F, 0xFE, 0x00, 0x1F, 0xFE, 0x00, 0x1F, 0xFE, 0x00,
  0x1F, 0xFE, 0x00, 0x1F, 0xFE, 0x00, 0x1F, 0xFE, 0x00, 0x1F, 0xFE, 0x00,
  0x1F, 0xFE, 0x00, 0x1F, 0xFE, 0x00, 0x1F, 0xFE, 0x00, 0x1F, 0xFE, 0x00,
  0x1F, 0xFE, 0x00, 0x3F, 0xFE, 0x00, 0x3F, 0xFE, 0x00, 0x3F, 0xFE, 0xFF,
  0xFF, 0xFE, 0xFF, 0xFF, 0xFE, 0xFF, 0xFF, 0xFE, 0xFF, 0xFF, 0xFC, 0xFF,
  0xFF, 0xFC, 0xFF, 0xFF, 0xF8, 0xFF, 0xFF, 0xF0, 0xFF, 0xFF, 0xE0, 0xFF,
  0xFF, 0x80, 0xFF, 0xFC, 0x00, 0xFF, 0xF8, 0x00, 0x00, 0x00, 0x3F, 0xFE,
  0x00, 0x00, 0x00, 0x0F, 0xFF, 0x80, 0x00, 0x00, 0x03, 0xFF, 0xE0, 0x00,
  0x00, 0x00, 0xFF, 0xF8, 0x00, 0x00, 0x00, 0x3F, 0xFE, 0x00, 0x00, 0x00,
  0x0F, 0xFF, 0x80, 0x00, 0x00, 0x03, 0xFF, 0xE0, 0x00, 0x00, 0x00, 0xFF,
  0xF8, 0x00, 0x00, 0x00, 0x3F, 0xFE, 0x00, 0x00, 0x00, 0x0F, 0xFF, 0x80,
  0x00, 0x00, 0x03, 0xFF, 0xE0, 0x00, 0x00, 0x00, 0xFF, 0xF8, 0x00, 0x00,
  0x00, 0x3F, 0xFE, 0x00, 0x00, 0x00, 0x0F, 0xFF, 0x80, 0x03, 0xFF, 0xFB,
  0xFF, 0xE0, 0x01, 0xFF, 0xFC, 0xFF, 0xF8, 0x00, 0xFF, 0xFE, 0x3F, 0xFE,
  0x00, 0x7F, 0xFF, 0x0F, 0xFF, 0x80, 0x3F, 0xFF, 0x83, 0xFF, 0xE0, 0x1F,
  0xFF, 0xC0, 0xFF, 0xF8, 0x07, 0xFF, 0xE0, 0x3F, 0xFE, 0x03, 0xFF, 0xF0,
  0x0F, 0xFF, 0x81, 0xFF, 0xF8, 0x03, 0xFF, 0xE0, 0xFF, 0xFC, 0x00, 0xFF,
  0xF8, 0x7F, 0xFE, 0x00, 0x3F, 0xFE, 0x3F, 0xFF, 0x00, 0x0F, 0xFF, 0x9F,
  0xFF, 0x80, 0x03, 0xFF, 0xEF, 0xFF, 0xC0, 0x00, 0xFF, 0xFB, 0xFF, 0xF0,
  0x00, 0x3F, 0xFF, 0xFF, 0xF8, 0x00, 0x0F, 0xFF, 0xFF, 0xFC, 0x00, 0x03,
  0xFF, 0xFF, 0xFE, 0x00, 0x00, 0xFF, 0xFF, 0xFF, 0xC0, 0x00, 0x3F, 0xFF,
  0xFF, 0xF8, 0x00, 0x0F, 0xFF, 0xFF, 0xFE, 0x00, 0x03, 0xFF, 0xFF, 0xFF,
  0xC0, 0x00, 0xFF, 0xFF, 0xFF, 0xF8, 0x00, 0x3F, 0xFF, 0xFF, 0xFF, 0x00,
  0x0F, 0xFF, 0xFF, 0xFF, 0xC0, 0x03, 0xFF, 0xFF, 0xFF, 0xF8, 0x00, 0xFF,
  0xFF, 0xFF, 0xFF, 0x00, 0x3F, 0xFF, 0xCF, 0xFF, 0xC0, 0x0F, 0xFF, 0xE3,
  0xFF, 0xF8, 0x03, 0xFF, 0xF0, 0x7F, 0xFF, 0x00, 0xFF, 0xF8, 0x0F, 0xFF,
  0xE0, 0x3F, 0xFE, 0x01, 0xFF, 0xF8, 0x0F, 0xFF, 0x80, 0x7F, 0xFF, 0x03,
  0xFF, 0xE0, 0x0F, 0xFF, 0xE0, 0xFF, 0xF8, 0x01, 0xFF, 0xFC, 0x3F, 0xFE,
  0x00, 0x7F, 0xFF, 0x0F, 0xFF, 0x80, 0x0F, 0xFF, 0xE3, 0xFF, 0xE0, 0x01,
  0xFF, 0xFC, 0xFF, 0xF8, 0x00, 0x3F, 0xFF, 0x3F, 0xFE, 0x00, 0x0F, 0xFF,
  0xEF, 0xFF, 0x80, 0x01, 0xFF, 0xFC, 0xFF, 0xF8, 0x03, 0xFF, 0xE0, 0x0F,
  0xFF, 0x80, 0x3F, 0xFE, 0x00, 0xFF, 0xF8, 0x03, 0xFF, 0xE0, 0x0F, 0xFF,
  0x80, 0x3F, 0xFE, 0x00, 0xFF, 0xF8, 0x03, 0xFF, 0xE0, 0x0F, 0xFF, 0x80,
  0x3F, 0xFE, 0x00, 0xFF, 0xF8, 0x03, 0xFF, 0xE0, 0x0F, 0xFF, 0x80, 0x3F,
  0xFE, 0x00, 0xFF, 0xF8, 0x03, 0xFF, 0xE0, 0x0F, 0xFF, 0x80, 0x3F, 0xFE,
  0x00, 0xFF, 0xF8, 0x03, 0xFF, 0xE0, 0x0F, 0xFF, 0x80, 0x3F, 0xFE, 0x00,
  0xFF, 0xF8, 0x03, 0xFF, 0xE0, 0x0F, 0xFF, 0x80, 0x3F, 0xFE, 0x00, 0xFF,
  0xF8, 0x03, 0xFF, 0xE0, 0x0F, 0xFF, 0x80, 0x3F, 0xFE, 0x00, 0xFF, 0xF8,
  0x03, 0xFF, 0xE0, 0x0F, 0xFF, 0x80, 0x3F, 0xFE, 0x00, 0xFF, 0xF8, 0x03,
  0xFF, 0xE0, 0x0F, 0xFF, 0x80, 0x3F, 0xFE, 0x00, 0xFF, 0xF8, 0x03, 0xFF,
  0xE0, 0x0F, 0xFF, 0x80, 0x3F, 0xFE, 0x00, 0xFF, 0xFC, 0x03, 0xFF, 0xFF,
  0xFF, 0xFF, 0xFF, 0xFF, 0xFF, 0xFF, 0x7F, 0xFF, 0xFD, 0xFF, 0xFF, 0xF7,
  0xFF, 0xFF, 0xCF, 0xFF, 0xFF, 0x1F, 0xFF, 0xFC, 0x3F, 0xFF, 0xF0, 0x1F,
  0xFF, 0xC0, 0x00, 0x00, 0x07, 0xFC, 0x00, 0x03, 0xFF, 0x00, 0x7F, 0xF0,
  0x1F, 0xFF, 0x80, 0x0F, 0xFF, 0xE0, 0x3F, 0xF8, 0x1F, 0xFF, 0xF0, 0x1F,
  0xFF, 0xFC, 0x1F, 0xFE, 0x3F, 0xFF, 0xFC, 0x1F, 0xFF, 0xFF, 0x0F, 0xFF,
  0x3F, 0xFF, 0xFF, 0x1F, 0xFF, 0xFF, 0xC7, 0xFF, 0xBF, 0xFF, 0xFF, 0x9F,
  0xFF, 0xFF, 0xE3, 0xFF, 0xFF, 0xFF, 0xFF, 0xFF, 0xFF, 0xFF, 0xF9, 0xFF,
  0xFF, 0xFF, 0xFF, 0xFF, 0xFF, 0xFF, 0xFC, 0xFF, 0xFF, 0xFF, 0xFF, 0xFF,
  0xFF, 0xFF, 0xFE, 0x7F, 0xFF, 0xFF, 0xFF, 0xFF, 0xFF, 0xFF, 0xFF, 0xBF,
  0xFF, 0xC0, 0x7F, 0xFF, 0xF0, 0x1F, 0xFF, 0xDF, 0xFF, 0xC0, 0x1F, 0xFF,
  0xF0, 0x07, 0xFF, 0xEF, 0xFF, 0xC0, 0x07, 0xFF, 0xF0, 0x01, 0xFF, 0xF7,
  0xFF, 0xE0, 0x03, 0xFF, 0xF8, 0x00, 0xFF, 0xFB, 0xFF, 0xE0, 0x00, 0xFF,
  0xF8, 0x00, 0x3F, 0xFD, 0xFF, 0xF0, 0x00, 0x7F, 0xFC, 0x00, 0x1F, 0xFF,
  0xFF, 0xF8, 0x00, 0x3F, 0xFE, 0x00, 0x0F, 0xFF, 0xFF, 0xFC, 0x00, 0x1F,
  0xFF, 0x00, 0x07, 0xFF, 0xFF, 0xFE, 0x00, 0x0F, 0xFF, 0x80, 0x03, 0xFF,
  0xFF, 0xFF, 0x00, 0x07, 0xFF, 0xC0, 0x01, 0xFF, 0xFF, 0xFF, 0x80, 0x03,
  0xFF, 0xE0, 0x00, 0xFF, 0xFF, 0xFF, 0xC0, 0x01, 0xFF, 0xF0, 0x00, 0x7F,
  0xFF, 0xFF, 0xE0, 0x00, 0xFF, 0xF8, 0x00, 0x3F, 0xFF, 0xFF, 0xF0, 0x00,
  0x7F, 0xFC, 0x00, 0x1F, 0xFF, 0xFF, 0xF8, 0x00, 0x3F, 0xFE, 0x00, 0x0F,
  0xFF, 0xFF, 0xFC, 0x00, 0x1F, 0xFF, 0x00, 0x07, 0xFF, 0xFF, 0xFE, 0x00,
  0x0F, 0xFF, 0x80, 0x03, 0xFF, 0xFF, 0xFF, 0x00, 0x07, 0xFF, 0xC0, 0x01,
  0xFF, 0xFF, 0xFF, 0x80, 0x03, 0xFF, 0xE0, 0x00, 0xFF, 0xFF, 0xFF, 0xC0,
  0x01, 0xFF, 0xF0, 0x00, 0x7F, 0xFF, 0xFF, 0xE0, 0x00, 0xFF, 0xF8, 0x00,
  0x3F, 0xFF, 0xFF, 0xF0, 0x00, 0x7F, 0xFC, 0x00, 0x1F, 0xFF, 0xFF, 0xF8,
  0x00, 0x3F, 0xFE, 0x00, 0x0F, 0xFF, 0xFF, 0xFC, 0x00, 0x1F, 0xFF, 0x00,
  0x07, 0xFF, 0xFF, 0xFE, 0x00, 0x0F, 0xFF, 0x80, 0x03, 0xFF, 0xFF, 0xFF,
  0x00, 0x07, 0xFF, 0xC0, 0x01, 0xFF, 0xFF, 0xFF, 0x80, 0x03, 0xFF, 0xE0,
  0x00, 0xFF, 0xFF, 0xFF, 0xC0, 0x01, 0xFF, 0xF0, 0x00, 0x7F, 0xFF, 0xFF,
  0xE0, 0x00, 0xFF, 0xF8, 0x00, 0x3F, 0xFF, 0xFF, 0xF0, 0x00, 0x7F, 0xFC,
  0x00, 0x1F, 0xFF, 0xFF, 0xF8, 0x00, 0x3F, 0xFE, 0x00, 0x0F, 0xFF, 0xFF,
  0xFC, 0x00, 0x1F, 0xFF, 0x00, 0x07, 0xFF, 0xC0, 0x00, 0x00, 0x07, 0xFC,
  0x01, 0xFF, 0xC0, 0x7F, 0xFF, 0x03, 0xFF, 0x81, 0xFF, 0xFF, 0x07, 0xFF,
  0x8F, 0xFF, 0xFF, 0x0F, 0xFF, 0x3F, 0xFF, 0xFF, 0x1F, 0xFE, 0xFF, 0xFF,
  0xFF, 0x3F, 0xFF, 0xFF, 0xFF, 0xFE, 0x7F, 0xFF, 0xFF, 0xFF, 0xFC, 0xFF,
  0xFF, 0xFF, 0xFF, 0xFD, 0xFF, 0xFF, 0xFF, 0xFF, 0xFB, 0xFF, 0xFE, 0x03,
  0xFF, 0xF7, 0xFF, 0xF0, 0x03, 0xFF, 0xEF, 0xFF, 0xC0, 0x07, 0xFF, 0xFF,
  0xFF, 0x80, 0x07, 0xFF, 0xFF, 0xFE, 0x00, 0x0F, 0xFF, 0xFF, 0xFC, 0x00,
  0x1F, 0xFF, 0xFF, 0xF8, 0x00, 0x3F, 0xFF, 0xFF, 0xF0, 0x00, 0x7F, 0xFF,
  0xFF, 0xE0, 0x00, 0xFF, 0xFF, 0xFF, 0xC0, 0x01, 0xFF, 0xFF, 0xFF, 0x80,
  0x03, 0xFF, 0xFF, 0xFF, 0x00, 0x07, 0xFF, 0xFF, 0xFE, 0x00, 0x0F, 0xFF,
  0xFF, 0xFC, 0x00, 0x1F, 0xFF, 0xFF, 0xF8, 0x00, 0x3F, 0xFF, 0xFF, 0xF0,
  0x00, 0x7F, 0xFF, 0xFF, 0xE0, 0x00, 0xFF, 0xFF, 0xFF, 0xC0, 0x01, 0xFF,
  0xFF, 0xFF, 0x80, 0x03, 0xFF, 0xFF, 0xFF, 0x00, 0x07, 0xFF, 0xFF, 0xFE,
  0x00, 0x0F, 0xFF, 0xFF, 0xFC, 0x00, 0x1F, 0xFF, 0xFF, 0xF8, 0x00, 0x3F,
  0xFF, 0xFF, 0xF0, 0x00, 0x7F, 0xFF, 0xFF, 0xE0, 0x00, 0xFF, 0xFF, 0xFF,
  0xC0, 0x01, 0xFF, 0xFF, 0xFF, 0x80, 0x03, 0xFF, 0xFF, 0xFF, 0x00, 0x07,
  0xFF, 0xFF, 0xFE, 0x00, 0x0F, 0xFF, 0xFF, 0xFC, 0x00, 0x1F, 0xFF, 0xFF,
  0xF8, 0x00, 0x3F, 0xFF, 0xFF, 0xF0, 0x00, 0x7F, 0xFC, 0x00, 0x00, 0xFF,
  0xE0, 0x00, 0x00, 0x00, 0xFF, 0xFF, 0x80, 0x00, 0x00, 0xFF, 0xFF, 0xFE,
  0x00, 0x00, 0x3F, 0xFF, 0xFF, 0xE0, 0x00, 0x1F, 0xFF, 0xFF, 0xFF, 0x00,
  0x07, 0xFF, 0xFF, 0xFF, 0xF0, 0x01, 0xFF, 0xFF, 0xFF, 0xFF, 0x00, 0x7F,
  0xFF, 0xFF, 0xFF, 0xF0, 0x0F, 0xFF, 0xFF, 0xFF, 0xFE, 0x03, 0xFF, 0xFF,
  0xFF, 0xFF, 0xE0, 0xFF, 0xFF, 0x01, 0xFF, 0xFE, 0x1F, 0xFF, 0x80, 0x0F,
  0xFF, 0xC7, 0xFF, 0xE0, 0x00, 0xFF, 0xFC, 0xFF, 0xF8, 0x00, 0x0F, 0xFF,
  0x9F, 0xFF, 0x00, 0x01, 0xFF, 0xF3, 0xFF, 0xC0, 0x00, 0x1F, 0xFE, 0xFF,
  0xF8, 0x00, 0x03, 0xFF, 0xFF, 0xFF, 0x00, 0x00, 0x7F, 0xFF, 0xFF, 0xE0,
  0x00, 0x0F, 0xFF, 0xFF, 0xFC, 0x00, 0x01, 0xFF, 0xFF, 0xFF, 0x80, 0x00,
  0x3F, 0xFF, 0xFF, 0xF0, 0x00, 0x07, 0xFF, 0xFF, 0xFE, 0x00, 0x00, 0xFF,
  0xFF, 0xFF, 0xC0, 0x00, 0x1F, 0xFF, 0xFF, 0xF8, 0x00, 0x03, 0xFF, 0xFF,
  0xFF, 0x00, 0x00, 0x7F, 0xFF, 0xFF, 0xE0, 0x00, 0x0F, 0xFF, 0xBF, 0xFC,
  0x00, 0x01, 0xFF, 0xE7, 0xFF, 0xC0, 0x00, 0x7F, 0xFC, 0xFF, 0xF8, 0x00,
  0x0F, 0xFF, 0x9F, 0xFF, 0x80, 0x03, 0xFF, 0xE1, 0xFF, 0xF8, 0x00, 0xFF,
  0xFC, 0x3F, 0xFF, 0xC0, 0x7F, 0xFF, 0x83, 0xFF, 0xFF, 0xFF, 0xFF, 0xE0,
  0x3F, 0xFF, 0xFF, 0xFF, 0xF8, 0x07, 0xFF, 0xFF, 0xFF, 0xFF, 0x00, 0x7F,
  0xFF, 0xFF, 0xFF, 0xC0, 0x07, 0xFF, 0xFF, 0xFF, 0xF0, 0x00, 0x7F, 0xFF,
  0xFF, 0xFC, 0x00, 0x03, 0xFF, 0xFF, 0xFE, 0x00, 0x00, 0x3F, 0xFF, 0xFF,
  0x80, 0x00, 0x00, 0xFF, 0xFF, 0x80, 0x00, 0x00, 0x03, 0xFF, 0x80, 0x00,
  0x00, 0x00, 0x00, 0x07, 0xF8, 0x00, 0x1F, 0xFC, 0x07, 0xFF, 0xE0, 0x03,
  0xFF, 0x81, 0xFF, 0xFF, 0x00, 0x7F, 0xF8, 0xFF, 0xFF, 0xF0, 0x0F, 0xFF,
  0x3F, 0xFF, 0xFF, 0x81, 0xFF, 0xEF, 0xFF, 0xFF, 0xF8, 0x3F, 0xFF, 0xFF,
  0xFF, 0xFF, 0x07, 0xFF, 0xFF, 0xFF, 0xFF, 0xF0, 0xFF, 0xFF, 0xFF, 0xFF,
  0xFF, 0x1F, 0xFF, 0xFF, 0xFF, 0xFF, 0xE3, 0xFF, 0xFE, 0x03, 0xFF, 0xFE,
  0x7F, 0xFF, 0x80, 0x1F, 0xFF, 0xCF, 0xFF, 0xC0, 0x01, 0xFF, 0xFD, 0xFF,
  0xF8, 0x00, 0x1F, 0xFF, 0xBF, 0xFE, 0x00, 0x03, 0xFF, 0xF7, 0xFF, 0xC0,
  0x00, 0x3F, 0xFE, 0xFF, 0xF0, 0x00, 0x07, 0xFF, 0xFF, 0xFE, 0x00, 0x00,
  0xFF, 0xFF, 0xFF, 0xC0, 0x00, 0x0F, 0xFF, 0xFF, 0xF8, 0x00, 0x01, 0xFF,
  0xFF, 0xFF, 0x00, 0x00, 0x3F, 0xFF, 0xFF, 0xE0, 0x00, 0x07, 0xFF, 0xFF,
  0xFC, 0x00, 0x00, 0xFF, 0xFF, 0xFF, 0x80, 0x00, 0x1F, 0xFF, 0xFF, 0xF0,
  0x00, 0x03, 0xFF, 0xFF, 0xFE, 0x00, 0x00, 0x7F, 0xFF, 0xFF, 0xE0, 0x00,
  0x1F, 0xFF, 0xFF, 0xFC, 0x00, 0x03, 0xFF, 0xEF, 0xFF, 0x80, 0x00, 0x7F,
  0xFD, 0xFF, 0xF8, 0x00, 0x1F, 0xFF, 0xBF, 0xFF, 0x80, 0x07, 0xFF, 0xF7,
  0xFF, 0xF8, 0x01, 0xFF, 0xFC, 0xFF, 0xFF, 0x80, 0xFF, 0xFF, 0x9F, 0xFF,
  0xFF, 0xFF, 0xFF, 0xE3, 0xFF, 0xFF, 0xFF, 0xFF, 0xFC, 0x7F, 0xFF, 0xFF,
  0xFF, 0xFF, 0x0F, 0xFF, 0xFF, 0xFF, 0xFF, 0xE1, 0xFF, 0xFF, 0xFF, 0xFF,
  0xF8, 0x3F, 0xFE, 0xFF, 0xFF, 0xFE, 0x07, 0xFF, 0xCF, 0xFF, 0xFF, 0x80,
  0xFF, 0xF8, 0x7F, 0xFF, 0xC0, 0x1F, 0xFF, 0x03, 0xFF, 0xE0, 0x03, 0xFF,
  0xE0, 0x1F, 0xF0, 0x00, 0x7F, 0xFC, 0x00, 0x00, 0x00, 0x0F, 0xFF, 0x80,
  0x00, 0x00, 0x01, 0xFF, 0xF0, 0x00, 0x00, 0x00, 0x3F, 0xFE, 0x00, 0x00,
  0x00, 0x07, 0xFF, 0xC0, 0x00, 0x00, 0x00, 0xFF, 0xF8, 0x00, 0x00, 0x00,
  0x1F, 0xFF, 0x00, 0x00, 0x00, 0x03, 0xFF, 0xE0, 0x00, 0x00, 0x00, 0x7F,
  0xFC, 0x00, 0x00, 0x00, 0x0F, 0xFF, 0x80, 0x00, 0x00, 0x01, 0xFF, 0xF0,
  0x00, 0x00, 0x00, 0x3F, 0xFE, 0x00, 0x00, 0x00, 0x00, 0x00, 0x03, 0xFC,
  0x00, 0x00, 0x00, 0x00, 0x00, 0xFF, 0xF8, 0x07, 0xFF, 0x00, 0x00, 0x1F,
  0xFF, 0xF0, 0x3F, 0xF8, 0x00, 0x03, 0xFF, 0xFF, 0xE3, 0xFF, 0xC0, 0x00,
  0x3F, 0xFF, 0xFF, 0x9F, 0xFE, 0x00, 0x03, 0xFF, 0xFF, 0xFE, 0xFF, 0xF0,
  0x00, 0x3F, 0xFF, 0xFF, 0xFF, 0xFF, 0x80, 0x01, 0xFF, 0xFF, 0xFF, 0xFF,
  0xFC, 0x00, 0x1F, 0xFF, 0xFF, 0xFF, 0xFF, 0xE0, 0x00, 0xFF, 0xFF, 0xFF,
  0xFF, 0xFF, 0x00, 0x0F, 0xFF, 0xF0, 0x0F, 0xFF, 0xF8, 0x00, 0x7F, 0xFF,
  0x00, 0x3F, 0xFF, 0xC0, 0x07, 0xFF, 0xF0, 0x00, 0xFF, 0xFE, 0x00, 0x3F,
  0xFF, 0x00, 0x03, 0xFF, 0xF0, 0x01, 0xFF, 0xF0, 0x00, 0x0F, 0xFF, 0x80,
  0x0F, 0xFF, 0x80, 0x00, 0x7F, 0xFC, 0x00, 0xFF, 0xFC, 0x00, 0x03, 0xFF,
  0xE0, 0x07, 0xFF, 0xC0, 0x00, 0x0F, 0xFF, 0x00, 0x3F, 0xFE, 0x00, 0x00,
  0x7F, 0xF8, 0x01, 0xFF, 0xF0, 0x00, 0x03, 0xFF, 0xC0, 0x0F, 0xFF, 0x80,
  0x00, 0x1F, 0xFE, 0x00, 0x7F, 0xFC, 0x00, 0x00, 0xFF, 0xF0, 0x03, 0xFF,
  0xE0, 0x00, 0x07, 0xFF, 0x80, 0x1F, 0xFF, 0x00, 0x00, 0x3F, 0xFC, 0x00,
  0xFF, 0xF8, 0x00, 0x01, 0xFF, 0xE0, 0x07, 0xFF, 0xC0, 0x00, 0x1F, 0xFF,
  0x00, 0x3F, 0xFF, 0x00, 0x00, 0xFF, 0xF8, 0x01, 0xFF, 0xF8, 0x00, 0x07,
  0xFF, 0xC0, 0x07, 0xFF, 0xC0, 0x00, 0x3F, 0xFE, 0x00, 0x3F, 0xFF, 0x00,
  0x03, 0xFF, 0xF0, 0x01, 0xFF, 0xFC, 0x00, 0x3F, 0xFF, 0x80, 0x07, 0xFF,
  0xF0, 0x03, 0xFF, 0xFC, 0x00, 0x3F, 0xFF, 0xC0, 0x7F, 0xFF, 0xE0, 0x01,
  0xFF, 0xFF, 0xFF, 0xFF, 0xFF, 0x00, 0x07, 0xFF, 0xFF, 0xFF, 0xFF, 0xF8,
  0x00, 0x1F, 0xFF, 0xFF, 0xFF, 0xFF, 0xC0, 0x00, 0xFF, 0xFF, 0xFF, 0xFF,
  0xFE, 0x00, 0x03, 0xFF, 0xFF, 0xFD, 0xFF, 0xF0, 0x00, 0x0F, 0xFF, 0xFF,
  0xEF, 0xFF, 0x80, 0x00, 0x3F, 0xFF, 0xFE, 0x7F, 0xFC, 0x00, 0x00, 0x7F,
  0xFF, 0xC3, 0xFF, 0xE0, 0x00, 0x01, 0xFF, 0xF8, 0x1F, 0xFF, 0x00, 0x00,
  0x01, 0xFF, 0x00, 0xFF, 0xF8, 0x00, 0x00, 0x00, 0x00, 0x07, 0xFF, 0xE0,
  0x00, 0x00, 0x00, 0x00, 0x3F, 0xFF, 0x80, 0x80, 0x00, 0x00, 0x01, 0xFF,
  0xFF, 0xFC, 0x00, 0x00, 0x00, 0x07, 0xFF, 0xFF, 0xE0, 0x00, 0x00, 0x00,
  0x3F, 0xFF, 0xFF, 0x00, 0x00, 0x00, 0x01, 0xFF, 0xFF, 0xF8, 0x00, 0x00,
  0x00, 0x0F, 0xFF, 0xFF, 0xC0, 0x00, 0x00, 0x00, 0x3F, 0xFF, 0xFE, 0x00,
  0x00, 0x00, 0x00, 0xFF, 0xFF, 0xF0, 0x00, 0x00, 0x00, 0x03, 0xFF, 0xFF,
  0x80, 0x00, 0x00, 0x00, 0x0F, 0xFF, 0xFC, 0x00, 0x00, 0x00, 0x00, 0x1F,
  0xFF, 0xE0, 0x00, 0x00, 0x00, 0x00, 0x3F, 0xF8, 0x00, 0x00, 0x07, 0xFF,
  0xE0, 0x1F, 0xFF, 0xF0, 0x3F, 0xFF, 0xFC, 0x3F, 0xFF, 0xFE, 0x3F, 0xFF,
  0xFF, 0x1F, 0xFF, 0xFF, 0xDF, 0xFF, 0xFF, 0xEF, 0xFF, 0xFF, 0xFF, 0xFF,
  0xFF, 0xFF, 0xFF, 0xFF, 0xFF, 0xFF, 0xFF, 0xFF, 0xFF, 0xFF, 0xFF, 0xFC,
  0x0F, 0xFF, 0xF8, 0x03, 0xFF, 0xF8, 0x01, 0xFF, 0xF8, 0x00, 0xFF, 0xF8,
  0x00, 0x7F, 0xFC, 0x00, 0x3F, 0xFE, 0x00, 0x1F, 0xFF, 0x00, 0x0F, 0xFF,
  0x80, 0x07, 0xFF, 0xC0, 0x03, 0xFF, 0xE0, 0x01, 0xFF, 0xF0, 0x00, 0xFF,
  0xF8, 0x00, 0x7F, 0xFC, 0x00, 0x3F, 0xFE, 0x00, 0x1F, 0xFF, 0x00, 0x0F,
  0xFF, 0x80, 0x07, 0xFF, 0xC0, 0x03, 0xFF, 0xE0, 0x01, 0xFF, 0xF0, 0x00,
  0xFF, 0xF8, 0x00, 0x7F, 0xFC, 0x00, 0x3F, 0xFE, 0x00, 0x1F, 0xFF, 0x00,
  0x0F, 0xFF, 0x80, 0x07, 0xFF, 0xC0, 0x03, 0xFF, 0xE0, 0x01, 0xFF, 0xF0,
  0x00, 0xFF, 0xF8, 0x00, 0x7F, 0xFC, 0x00, 0x00, 0x00, 0x03, 0xFF, 0x80,
  0x00, 0x00, 0x3F, 0xFF, 0xF0, 0x00, 0x01, 0xFF, 0xFF, 0xFE, 0x00, 0x03,
  0xFF, 0xFF, 0xFF, 0x00, 0x0F, 0xFF, 0xFF, 0xFF, 0xC0, 0x1F, 0xFF, 0xFF,
  0xFF, 0xE0, 0x1F, 0xFF, 0xFF, 0xFF, 0xF0, 0x3F, 0xFF, 0xFF, 0xFF, 0xF0,
  0x7F, 0xFF, 0xFF, 0xFF, 0xF8, 0x7F, 0xFF, 0xFF, 0xFF, 0xF8, 0x7F, 0xFC,
  0x00, 0xFF, 0xE0, 0x7F, 0xF8, 0x00, 0x3F, 0x00, 0x7F, 0xF8, 0x00, 0x18,
  0x00, 0x7F, 0xF8, 0x00, 0x00, 0x00, 0x7F, 0xF8, 0x00, 0x00, 0x00, 0x7F,
  0xFE, 0x00, 0x00, 0x00, 0x7F, 0xFF, 0xE0, 0x00, 0x00, 0x3F, 0xFF, 0xFF,
  0x80, 0x00, 0x3F, 0xFF, 0xFF, 0xF8, 0x00, 0x1F, 0xFF, 0xFF, 0xFF, 0x00,
  0x0F, 0xFF, 0xFF, 0xFF, 0xE0, 0x07, 0xFF, 0xFF, 0xFF, 0xF0, 0x01, 0xFF,
  0xFF, 0xFF, 0xF8, 0x00, 0x7F, 0xFF, 0xFF, 0xFC, 0x00, 0x07, 0xFF, 0xFF,
  0xFE, 0x00, 0x00, 0x1F, 0xFF, 0xFE, 0x00, 0x00, 0x00, 0xFF, 0xFE, 0x00,
  0x00, 0x00, 0x3F, 0xFF, 0x00, 0x20, 0x00, 0x1F, 0xFF, 0x01, 0xE0, 0x00,
  0x0F, 0xFF, 0x0F, 0xF0, 0x00, 0x1F, 0xFE, 0x3F, 0xF8, 0x00, 0x1F, 0xFE,
  0xFF, 0xFE, 0x00, 0x7F, 0xFE, 0xFF, 0xFF, 0xFF, 0xFF, 0xFE, 0x7F, 0xFF,
  0xFF, 0xFF, 0xFC, 0x3F, 0xFF, 0xFF, 0xFF, 0xFC, 0x3F, 0xFF, 0xFF, 0xFF,
  0xF8, 0x1F, 0xFF, 0xFF, 0xFF, 0xF0, 0x07, 0xFF, 0xFF, 0xFF, 0xE0, 0x03,
  0xFF, 0xFF, 0xFF, 0xC0, 0x00, 0xFF, 0xFF, 0xFF, 0x00, 0x00, 0x3F, 0xFF,
  0xFC, 0x00, 0x00, 0x03, 0xFF, 0xC0, 0x00, 0x01, 0xFF, 0xE0, 0x00, 0x1F,
  0xFE, 0x00, 0x01, 0xFF, 0xE0, 0x00, 0x1F, 0xFE, 0x00, 0x01, 0xFF, 0xE0,
  0x00, 0x1F, 0xFE, 0x00, 0x01, 0xFF, 0xE0, 0x00, 0x1F, 0xFE, 0x00, 0x01,
  0xFF, 0xE0, 0x00, 0x1F, 0xFE, 0x00, 0xFF, 0xFF, 0xFF, 0xFF, 0xFF, 0xFF,
  0xFF, 0xFF, 0xFF, 0xFF, 0xFF, 0xFF, 0xFF, 0xFF, 0xFF, 0xFF, 0xFF, 0xFF,
  0xFF, 0xFF, 0xFF, 0xFF, 0xFF, 0xFF, 0xFF, 0xFF, 0xFF, 0xFF, 0xFF, 0xFF,
  0xFF, 0xFF, 0xFF, 0xFF, 0xFF, 0x01, 0xFF, 0xE0, 0x00, 0x1F, 0xFE, 0x00,
  0x01, 0xFF, 0xE0, 0x00, 0x1F, 0xFE, 0x00, 0x01, 0xFF, 0xE0, 0x00, 0x1F,
  0xFE, 0x00, 0x01, 0xFF, 0xE0, 0x00, 0x1F, 0xFE, 0x00, 0x01, 0xFF, 0xE0,
  0x00, 0x1F, 0xFE, 0x00, 0x01, 0xFF, 0xE0, 0x00, 0x1F, 0xFE, 0x00, 0x01,
  0xFF, 0xE0, 0x00, 0x1F, 0xFE, 0x00, 0x01, 0xFF, 0xE0, 0x00, 0x1F, 0xFE,
  0x00, 0x01, 0xFF, 0xE0, 0x00, 0x1F, 0xFE, 0x00, 0x01, 0xFF, 0xE0, 0x00,
  0x1F, 0xFF, 0x00, 0x01, 0xFF, 0xF0, 0x00, 0x1F, 0xFF, 0xFF, 0x01, 0xFF,
  0xFF, 0xF0, 0x1F, 0xFF, 0xFF, 0x01, 0xFF, 0xFF, 0xF0, 0x0F, 0xFF, 0xFF,
  0x00, 0xFF, 0xFF, 0xF0, 0x0F, 0xFF, 0xFF, 0x00, 0x7F, 0xFF, 0xF0, 0x01,
  0xFF, 0xFF, 0x00, 0x03, 0xFF, 0xF0, 0xFF, 0xF8, 0x00, 0x3F, 0xFF, 0xFF,
  0xF0, 0x00, 0x7F, 0xFF, 0xFF, 0xE0, 0x00, 0xFF, 0xFF, 0xFF, 0xC0, 0x01,
  0xFF, 0xFF, 0xFF, 0x80, 0x03, 0xFF, 0xFF, 0xFF, 0x00, 0x07, 0xFF, 0xFF,
  0xFE, 0x00, 0x0F, 0xFF, 0xFF, 0xFC, 0x00, 0x1F, 0xFF, 0xFF, 0xF8, 0x00,
  0x3F, 0xFF, 0xFF, 0xF0, 0x00, 0x7F, 0xFF, 0xFF, 0xE0, 0x00, 0xFF, 0xFF,
  0xFF, 0xC0, 0x01, 0xFF, 0xFF, 0xFF, 0x80, 0x03, 0xFF, 0xFF, 0xFF, 0x00,
  0x07, 0xFF, 0xFF, 0xFE, 0x00, 0x0F, 0xFF, 0xFF, 0xFC, 0x00, 0x1F, 0xFF,
  0xFF, 0xF8, 0x00, 0x3F, 0xFF, 0xFF, 0xF0, 0x00, 0x7F, 0xFF, 0xFF, 0xE0,
  0x00, 0xFF, 0xFF, 0xFF, 0xC0, 0x01, 0xFF, 0xFF, 0xFF, 0x80, 0x03, 0xFF,
  0xFF, 0xFF, 0x00, 0x07, 0xFF, 0xFF, 0xFE, 0x00, 0x0F, 0xFF, 0xFF, 0xFC,
  0x00, 0x1F, 0xFF, 0xFF, 0xF8, 0x00, 0x3F, 0xFF, 0xFF, 0xF0, 0x00, 0x7F,
  0xFF, 0xFF, 0xE0, 0x00, 0xFF, 0xFF, 0xFF, 0xC0, 0x03, 0xFF, 0xFF, 0xFF,
  0x80, 0x07, 0xFF, 0xFF, 0xFF, 0x80, 0x0F, 0xFF, 0xFF, 0xFF, 0x00, 0x3F,
  0xFF, 0xBF, 0xFF, 0x81, 0xFF, 0xFF, 0x7F, 0xFF, 0xFF, 0xFF, 0xFE, 0xFF,
  0xFF, 0xFF, 0xFF, 0xFD, 0xFF, 0xFF, 0xFF, 0xFF, 0xF9, 0xFF, 0xFF, 0xFF,
  0xFF, 0xF3, 0xFF, 0xFF, 0xFB, 0xFF, 0xE3, 0xFF, 0xFF, 0xF3, 0xFF, 0xC3,
  0xFF, 0xFF, 0xC7, 0xFF, 0x83, 0xFF, 0xFE, 0x0F, 0xFF, 0x01, 0xFF, 0xF8,
  0x0F, 0xFE, 0x00, 0xFF, 0x80, 0x00, 0x00, 0xFF, 0xF8, 0x00, 0x03, 0xFF,
  0xEF, 0xFF, 0x00, 0x00, 0x7F, 0xFD, 0xFF, 0xF0, 0x00, 0x1F, 0xFF, 0x3F,
  0xFE, 0x00, 0x03, 0xFF, 0xE3, 0xFF, 0xC0, 0x00, 0x7F, 0xFC, 0x7F, 0xFC,
  0x00, 0x0F, 0xFF, 0x0F, 0xFF, 0x80, 0x03, 0xFF, 0xE0, 0xFF, 0xF0, 0x00,
  0x7F, 0xF8, 0x1F, 0xFF, 0x00, 0x0F, 0xFF, 0x03, 0xFF, 0xE0, 0x03, 0xFF,
  0xE0, 0x3F, 0xFC, 0x00, 0x7F, 0xF8, 0x07, 0xFF, 0x80, 0x0F, 0xFF, 0x00,
  0xFF, 0xF8, 0x03, 0xFF, 0xE0, 0x0F, 0xFF, 0x00, 0x7F, 0xF8, 0x01, 0xFF,
  0xE0, 0x0F, 0xFF, 0x00, 0x3F, 0xFE, 0x03, 0xFF, 0xE0, 0x03, 0xFF, 0xC0,
  0x7F, 0xF8, 0x00, 0x7F, 0xF8, 0x0F, 0xFF, 0x00, 0x07, 0xFF, 0x83, 0xFF,
  0xE0, 0x00, 0xFF, 0xF0, 0x7F, 0xF8, 0x00, 0x1F, 0xFE, 0x0F, 0xFF, 0x00,
  0x01, 0xFF, 0xE1, 0xFF, 0xC0, 0x00, 0x3F, 0xFC, 0x7F, 0xF8, 0x00, 0x07,
  0xFF, 0x8F, 0xFF, 0x00, 0x00, 0x7F, 0xF1, 0xFF, 0xC0, 0x00, 0x0F, 0xFF,
  0x7F, 0xF8, 0x00, 0x01, 0xFF, 0xEF, 0xFF, 0x00, 0x00, 0x1F, 0xFD, 0xFF,
  0xC0, 0x00, 0x03, 0xFF, 0xFF, 0xF8, 0x00, 0x00, 0x7F, 0xFF, 0xFF, 0x00,
  0x00, 0x07, 0xFF, 0xFF, 0xC0, 0x00, 0x00, 0xFF, 0xFF, 0xF8, 0x00, 0x00,
  0x0F, 0xFF, 0xFF, 0x00, 0x00, 0x01, 0xFF, 0xFF, 0xC0, 0x00, 0x00, 0x3F,
  0xFF, 0xF8, 0x00, 0x00, 0x03, 0xFF, 0xFF, 0x00, 0x00, 0x00, 0x7F, 0xFF,
  0xC0, 0x00, 0x00, 0x0F, 0xFF, 0xF8, 0x00, 0x00, 0x00, 0xFF, 0xFE, 0x00,
  0x00, 0x00, 0x1F, 0xFF, 0xC0, 0x00, 0x00, 0x03, 0xFF, 0xF8, 0x00, 0x00,
  0xFF, 0xF0, 0x00, 0xFF, 0xF0, 0x01, 0xFF, 0xFF, 0xFF, 0x00, 0x3F, 0xFE,
  0x00, 0x3F, 0xFD, 0xFF, 0xE0, 0x07, 0xFF, 0xC0, 0x0F, 0xFF, 0xBF, 0xFC,
  0x00, 0xFF, 0xF8, 0x01, 0xFF, 0xE7, 0xFF, 0x80, 0x1F, 0xFF, 0x00, 0x3F,
  0xFC, 0xFF, 0xF8, 0x03, 0xFF, 0xF0, 0x07, 0xFF, 0x8F, 0xFF, 0x00, 0xFF,
  0xFE, 0x01, 0xFF, 0xF1, 0xFF, 0xE0, 0x1F, 0xFF, 0xC0, 0x3F, 0xFC, 0x3F,
  0xFC, 0x03, 0xFF, 0xF8, 0x07, 0xFF, 0x87, 0xFF, 0x80, 0x7F, 0xFF, 0x00,
  0xFF, 0xF0, 0x7F, 0xF8, 0x0F, 0xFF, 0xE0, 0x1F, 0xFE, 0x0F, 0xFF, 0x01,
  0xFF, 0xFE, 0x07, 0xFF, 0x81, 0xFF, 0xE0, 0x7F, 0xBF, 0xC0, 0xFF, 0xF0,
  0x3F, 0xFC, 0x0F, 0xF7, 0xF8, 0x1F, 0xFE, 0x03, 0xFF, 0xC1, 0xFE, 0xFF,
  0x03, 0xFF, 0xC0, 0x7F, 0xF8, 0x3F, 0xDF, 0xE0, 0xFF, 0xF0, 0x0F, 0xFF,
  0x07, 0xF9, 0xFE, 0x1F, 0xFE, 0x01, 0xFF, 0xE1, 0xFE, 0x3F, 0xC3, 0xFF,
  0xC0, 0x1F, 0xFC, 0x3F, 0xC7, 0xF8, 0x7F, 0xF8, 0x03, 0xFF, 0xC7, 0xF8,
  0xFF, 0x0F, 0xFE, 0x00, 0x7F, 0xF8, 0xFF, 0x1F, 0xE3, 0xFF, 0xC0, 0x0F,
  0xFF, 0x1F, 0xE1, 0xFE, 0x7F, 0xF8, 0x00, 0xFF, 0xE7, 0xF8, 0x3F, 0xCF,
  0xFF, 0x00, 0x1F, 0xFC, 0xFF, 0x07, 0xF9, 0xFF, 0xC0, 0x03, 0xFF, 0xDF,
  0xE0, 0xFF, 0x7F, 0xF8, 0x00, 0x7F, 0xFB, 0xFC, 0x1F, 0xEF, 0xFF, 0x00,
  0x07, 0xFF, 0x7F, 0x81, 0xFF, 0xFF, 0xE0, 0x00, 0xFF, 0xFF, 0xE0, 0x3F,
  0xFF, 0xF8, 0x00, 0x1F, 0xFF, 0xFC, 0x07, 0xFF, 0xFF, 0x00, 0x03, 0xFF,
  0xFF, 0x80, 0xFF, 0xFF, 0xE0, 0x00, 0x3F, 0xFF, 0xF0, 0x1F, 0xFF, 0xFC,
  0x00, 0x07, 0xFF, 0xFE, 0x01, 0xFF, 0xFF, 0x00, 0x00, 0xFF, 0xFF, 0x80,
  0x3F, 0xFF, 0xE0, 0x00, 0x1F, 0xFF, 0xF0, 0x07, 0xFF, 0xFC, 0x00, 0x01,
  0xFF, 0xFE, 0x00, 0xFF, 0xFF, 0x80, 0x00, 0x3F, 0xFF, 0xC0, 0x1F, 0xFF,
  0xF0, 0x00, 0x07, 0xFF, 0xF8, 0x01, 0xFF, 0xFC, 0x00, 0x00, 0xFF, 0xFE,
  0x00, 0x3F, 0xFF, 0x80, 0x00, 0x0F, 0xFF, 0xC0, 0x07, 0xFF, 0xF0, 0x00,
  0x01, 0xFF, 0xF8, 0x00, 0xFF, 0xFE, 0x00, 0x00, 0x3F, 0xFF, 0x00, 0x1F,
  0xFF, 0x80, 0x00, 0x7F, 0xFE, 0x00, 0x0F, 0xFF, 0xC3, 0xFF, 0xF0, 0x00,
  0xFF, 0xF8, 0x1F, 0xFF, 0x80, 0x1F, 0xFF, 0x80, 0xFF, 0xF8, 0x03, 0xFF,
  0xF0, 0x0F, 0xFF, 0xC0, 0x3F, 0xFE, 0x00, 0x7F, 0xFE, 0x07, 0xFF, 0xE0,
  0x03, 0xFF, 0xE0, 0xFF, 0xFC, 0x00, 0x1F, 0xFF, 0x0F, 0xFF, 0x80, 0x01,
  0xFF, 0xF9, 0xFF, 0xF8, 0x00, 0x0F, 0xFF, 0xBF, 0xFF, 0x00, 0x00, 0x7F,
  0xFF, 0xFF, 0xE0, 0x00, 0x07, 0xFF, 0xFF, 0xFC, 0x00, 0x00, 0x3F, 0xFF,
  0xFF, 0xC0, 0x00, 0x01, 0xFF, 0xFF, 0xF8, 0x00, 0x00, 0x1F, 0xFF, 0xFF,
  0x00, 0x00, 0x00, 0xFF, 0xFF, 0xF0, 0x00, 0x00, 0x07, 0xFF, 0xFE, 0x00,
  0x00, 0x00, 0x3F, 0xFF, 0xC0, 0x00, 0x00, 0x03, 0xFF, 0xF8, 0x00, 0x00,
  0x00, 0x1F, 0xFF, 0x80, 0x00, 0x00, 0x03, 0xFF, 0xF8, 0x00, 0x00, 0x00,
  0x3F, 0xFF, 0xC0, 0x00, 0x00, 0x07, 0xFF, 0xFE, 0x00, 0x00, 0x00, 0xFF,
  0xFF, 0xE0, 0x00, 0x00, 0x0F, 0xFF, 0xFF, 0x00, 0x00, 0x01, 0xFF, 0xFF,
  0xF8, 0x00, 0x00, 0x3F, 0xFF, 0xFF, 0x80, 0x00, 0x03, 0xFF, 0xFF, 0xFC,
  0x00, 0x00, 0x7F, 0xFF, 0xFF, 0xE0, 0x00, 0x0F, 0xFF, 0xFF, 0xFF, 0x00,
  0x01, 0xFF, 0xF9, 0xFF, 0xF0, 0x00, 0x1F, 0xFF, 0x1F, 0xFF, 0x80, 0x03,
  0xFF, 0xF0, 0xFF, 0xFC, 0x00, 0x7F, 0xFE, 0x07, 0xFF, 0xC0, 0x07, 0xFF,
  0xC0, 0x3F, 0xFE, 0x00, 0xFF, 0xF8, 0x03, 0xFF, 0xF0, 0x1F, 0xFF, 0x80,
  0x1F, 0xFF, 0x83, 0xFF, 0xF0, 0x00, 0xFF, 0xF8, 0x3F, 0xFE, 0x00, 0x0F,
  0xFF, 0xC7, 0xFF, 0xE0, 0x00, 0x7F, 0xFE, 0xFF, 0xFC, 0x00, 0x03, 0xFF,
  0xF0, 0xFF, 0xFC, 0x00, 0x07, 0xFF, 0xDF, 0xFF, 0x00, 0x01, 0xFF, 0xF7,
  0xFF, 0xC0, 0x00, 0xFF, 0xFD, 0xFF, 0xF0, 0x00, 0x3F, 0xFE, 0x3F, 0xFE,
  0x00, 0x0F, 0xFF, 0x8F, 0xFF, 0x80, 0x07, 0xFF, 0xC3, 0xFF, 0xE0, 0x01,
  0xFF, 0xF0, 0x7F, 0xFC, 0x00, 0x7F, 0xFC, 0x1F, 0xFF, 0x00, 0x1F, 0xFE,
  0x03, 0xFF, 0xC0, 0x0F, 0xFF, 0x80, 0xFF, 0xF8, 0x03, 0xFF, 0xC0, 0x3F,
  0xFE, 0x00, 0xFF, 0xF0, 0x07, 0xFF, 0x80, 0x7F, 0xFC, 0x01, 0xFF, 0xF0,
  0x1F, 0xFE, 0x00, 0x3F, 0xFC, 0x07, 0xFF, 0x80, 0x0F, 0xFF, 0x03, 0xFF,
  0xE0, 0x03, 0xFF, 0xC0, 0xFF, 0xF0, 0x00, 0x7F, 0xF8, 0x3F, 0xFC, 0x00,
  0x1F, 0xFE, 0x0F, 0xFE, 0x00, 0x07, 0xFF, 0x87, 0xFF, 0x80, 0x00, 0xFF,
  0xF1, 0xFF, 0xE0, 0x00, 0x3F, 0xFC, 0x7F, 0xF0, 0x00, 0x07, 0xFF, 0x3F,
  0xFC, 0x00, 0x01, 0xFF, 0xEF, 0xFF, 0x00, 0x00, 0x7F, 0xFB, 0xFF, 0x80,
  0x00, 0x0F, 0xFF, 0xFF, 0xE0, 0x00, 0x03, 0xFF, 0xFF, 0xF0, 0x00, 0x00,
  0x7F, 0xFF, 0xFC, 0x00, 0x00, 0x1F, 0xFF, 0xFF, 0x00, 0x00, 0x07, 0xFF,
  0xFF, 0x80, 0x00, 0x00, 0xFF, 0xFF, 0xE0, 0x00, 0x00, 0x3F, 0xFF, 0xF0,
  0x00, 0x00, 0x0F, 0xFF, 0xFC, 0x00, 0x00, 0x01, 0xFF, 0xFF, 0x00, 0x00,
  0x00, 0x7F, 0xFF, 0x80, 0x00, 0x00, 0x0F, 0xFF, 0xE0, 0x00, 0x00, 0x03,
  0xFF, 0xF8, 0x00, 0x00, 0x00, 0xFF, 0xFC, 0x00, 0x00, 0x00, 0x1F, 0xFF,
  0x00, 0x00, 0x00, 0x07, 0xFF, 0x80, 0x00, 0x00, 0x00, 0xFF, 0xE0, 0x00,
  0x00, 0x00, 0x7F, 0xF8, 0x00, 0x00, 0x00, 0x1F, 0xFC, 0x00, 0x00, 0x00,
  0x0F, 0xFF, 0x00, 0x00, 0x00, 0x07, 0xFF, 0x80, 0x00, 0x01, 0xFF, 0xFF,
  0xE0, 0x00, 0x00, 0x7F, 0xFF, 0xF0, 0x00, 0x00, 0x1F, 0xFF, 0xFC, 0x00,
  0x00, 0x07, 0xFF, 0xFE, 0x00, 0x00, 0x01, 0xFF, 0xFF, 0x00, 0x00, 0x00,
  0x7F, 0xFF, 0x80, 0x00, 0x00, 0x1F, 0xFF, 0xC0, 0x00, 0x00, 0x07, 0xFF,
  0xE0, 0x00, 0x00, 0x01, 0xFF, 0x80, 0x00, 0x00, 0x00, 0x3F, 0xFF, 0xFF,
  0xFF, 0xFC, 0x7F, 0xFF, 0xFF, 0xFF, 0xF8, 0xFF, 0xFF, 0xFF, 0xFF, 0xF1,
  0xFF, 0xFF, 0xFF, 0xFF, 0xE3, 0xFF, 0xFF, 0xFF, 0xFF, 0xC7, 0xFF, 0xFF,
  0xFF, 0xFF, 0x8F, 0xFF, 0xFF, 0xFF, 0xFF, 0x1F, 0xFF, 0xFF, 0xFF, 0xFE,
  0x3F, 0xFF, 0xFF, 0xFF, 0xFC, 0x7F, 0xFF, 0xFF, 0xFF, 0xF8, 0x00, 0x00,
  0x1F, 0xFF, 0xE0, 0x00, 0x00, 0x7F, 0xFF, 0x80, 0x00, 0x01, 0xFF, 0xFE,
  0x00, 0x00, 0x07, 0xFF, 0xF8, 0x00, 0x00, 0x1F, 0xFF, 0xE0, 0x00, 0x00,
  0x7F, 0xFF, 0x80, 0x00, 0x01, 0xFF, 0xFE, 0x00, 0x00, 0x07, 0xFF, 0xF8,
  0x00, 0x00, 0x1F, 0xFF, 0xE0, 0x00, 0x00, 0x7F, 0xFF, 0x80, 0x00, 0x01,
  0xFF, 0xFE, 0x00, 0x00, 0x07, 0xFF, 0xF8, 0x00, 0x00, 0x1F, 0xFF, 0xE0,
  0x00, 0x00, 0x7F, 0xFF, 0x80, 0x00, 0x01, 0xFF, 0xFE, 0x00, 0x00, 0x07,
  0xFF, 0xF8, 0x00, 0x00, 0x1F, 0xFF, 0xE0, 0x00, 0x00, 0x7F, 0xFF, 0x80,
  0x00, 0x01, 0xFF, 0xFE, 0x00, 0x00, 0x07, 0xFF, 0xF8, 0x00, 0x00, 0x1F,
  0xFF, 0xE0, 0x00, 0x00, 0x7F, 0xFF, 0xFF, 0xFF, 0xFF, 0xFF, 0xFF, 0xFF,
  0xFF, 0xFF, 0xFF, 0xFF, 0xFF, 0xFF, 0xFF, 0xFF, 0xFF, 0xFF, 0xFF, 0xFF,
  0xFF, 0xFF, 0xFF, 0xFF, 0xFF, 0xFF, 0xFF, 0xFF, 0xFF, 0xFF, 0xFF, 0xFF,
  0xFF, 0xFF, 0xFF, 0xFF, 0xFF, 0xFF, 0xFF, 0xFF, 0xFF, 0xFF, 0xFF, 0xFF,
  0xFF, 0xFF, 0xFF, 0xFF, 0xFE, 0x00, 0x01, 0xFF, 0xC0, 0x03, 0xFF, 0xF0,
  0x03, 0xFF, 0xFC, 0x01, 0xFF, 0xFF, 0x00, 0xFF, 0xFF, 0xC0, 0x7F, 0xFF,
  0xF0, 0x1F, 0xFF, 0xFC, 0x0F, 0xFF, 0xFF, 0x03, 0xFF, 0xFF, 0xC0, 0xFF,
  0xFF, 0xF0, 0x3F, 0xFE, 0x00, 0x0F, 0xFF, 0x00, 0x03, 0xFF, 0xC0, 0x00,
  0xFF, 0xF0, 0x00, 0x3F, 0xFC, 0x00, 0x0F, 0xFF, 0x00, 0x03, 0xFF, 0xC0,
  0x00, 0xFF, 0xF0, 0x00, 0x3F, 0xFC, 0x00, 0x0F, 0xFF, 0x00, 0x03, 0xFF,
  0xC0, 0x00, 0xFF, 0xF0, 0x00, 0x3F, 0xFC, 0x00, 0x0F, 0xFF, 0x00, 0x07,
  0xFF, 0x80, 0x01, 0xFF, 0xE0, 0x00, 0x7F, 0xF8, 0x00, 0x3F, 0xFE, 0x00,
  0x1F, 0xFF, 0x80, 0x3F, 0xFF, 0xC0, 0x0F, 0xFF, 0xE0, 0x03, 0xFF, 0xF0,
  0x00, 0xFF, 0xF8, 0x00, 0x3F, 0xF8, 0x00, 0x0F, 0xFE, 0x00, 0x03, 0xFF,
  0xE0, 0x00, 0xFF, 0xFE, 0x00, 0x3F, 0xFF, 0xC0, 0x0F, 0xFF, 0xF0, 0x00,
  0x3F, 0xFE, 0x00, 0x07, 0xFF, 0x80, 0x01, 0xFF, 0xE0, 0x00, 0x7F, 0xF8,
  0x00, 0x1F, 0xFF, 0x00, 0x03, 0xFF, 0xC0, 0x00, 0xFF, 0xF0, 0x00, 0x3F,
  0xFC, 0x00, 0x0F, 0xFF, 0x00, 0x03, 0xFF, 0xC0, 0x00, 0xFF, 0xF0, 0x00,
  0x3F, 0xFC, 0x00, 0x0F, 0xFF, 0x00, 0x03, 0xFF, 0xC0, 0x00, 0xFF, 0xF0,
  0x00, 0x3F, 0xFC, 0x00, 0x0F, 0xFF, 0x00, 0x03, 0xFF, 0xC0, 0x00, 0xFF,
  0xF8, 0x00, 0x3F, 0xFF, 0xFC, 0x0F, 0xFF, 0xFF, 0x03, 0xFF, 0xFF, 0xC0,
  0x7F, 0xFF, 0xF0, 0x1F, 0xFF, 0xFC, 0x03, 0xFF, 0xFF, 0x00, 0x7F, 0xFF,
  0xC0, 0x0F, 0xFF, 0xF0, 0x00, 0xFF, 0xFC, 0x00, 0x07, 0xFF, 0xFF, 0xFF,
  0xFF, 0xFF, 0xFF, 0xFF, 0xFF, 0xFF, 0xFF, 0xFF, 0xFF, 0xFF, 0xFF, 0xFF,
  0xFF, 0xFF, 0xFF, 0xFF, 0xFF, 0xFF, 0xFF, 0xFF, 0xFF, 0xFF, 0xFF, 0xFF,
  0xFF, 0xFF, 0xFF, 0xFF, 0xFF, 0xFF, 0xFF, 0xFF, 0xFF, 0xFF, 0xFF, 0xFF,
  0xFF, 0xFF, 0xFF, 0xFF, 0xFF, 0xFF, 0xFF, 0xFF, 0xFF, 0xFF, 0xFF, 0xFF,
  0xFF, 0xFF, 0xFF, 0xFF, 0xFF, 0xFF, 0xFF, 0xFF, 0xFF, 0xFF, 0xFF, 0xFF,
  0xFF, 0xFF, 0xFF, 0xFF, 0xFF, 0xFF, 0xFF, 0xFF, 0xFF, 0xFF, 0xFF, 0xFF,
  0xFF, 0xFF, 0xFF, 0xFF, 0xFF, 0xFF, 0xFF, 0xFF, 0xFF, 0xFF, 0xFF, 0xFF,
  0xFF, 0xFF, 0xFF, 0xFF, 0xFF, 0xFF, 0xFF, 0xFF, 0xFF, 0xFF, 0xFF, 0xFF,
  0xFF, 0xFF, 0xFF, 0xFF, 0xFF, 0xC0, 0x00, 0x7F, 0xFE, 0x00, 0x3F, 0xFF,
  0x80, 0x1F, 0xFF, 0xF0, 0x0F, 0xFF, 0xF8, 0x07, 0xFF, 0xFE, 0x03, 0xFF,
  0xFF, 0x81, 0xFF, 0xFF, 0xC0, 0xFF, 0xFF, 0xE0, 0x7F, 0xFF, 0xF0, 0x00,
  0x7F, 0xFC, 0x00, 0x1F, 0xFE, 0x00, 0x0F, 0xFF, 0x00, 0x07, 0xFF, 0x80,
  0x03, 0xFF, 0xC0, 0x01, 0xFF, 0xE0, 0x00, 0xFF, 0xF0, 0x00, 0x7F, 0xF8,
  0x00, 0x3F, 0xFC, 0x00, 0x1F, 0xFE, 0x00, 0x0F, 0xFF, 0x00, 0x07, 0xFF,
  0x80, 0x03, 0xFF, 0xC0, 0x01, 0xFF, 0xE0, 0x00, 0xFF, 0xF0, 0x00, 0x7F,
  0xF8, 0x00, 0x3F, 0xFC, 0x00, 0x1F, 0xFF, 0x00, 0x07, 0xFF, 0xC0, 0x03,
  0xFF, 0xFC, 0x00, 0xFF, 0xFE, 0x00, 0x3F, 0xFF, 0x00, 0x0F, 0xFF, 0x80,
  0x00, 0xFF, 0xC0, 0x00, 0xFF, 0xE0, 0x01, 0xFF, 0xF0, 0x01, 0xFF, 0xF8,
  0x01, 0xFF, 0xFC, 0x01, 0xFF, 0xFE, 0x00, 0xFF, 0xF8, 0x00, 0xFF, 0xF8,
  0x00, 0x7F, 0xF8, 0x00, 0x3F, 0xFC, 0x00, 0x1F, 0xFE, 0x00, 0x0F, 0xFF,
  0x00, 0x07, 0xFF, 0x80, 0x03, 0xFF, 0xC0, 0x01, 0xFF, 0xE0, 0x00, 0xFF,
  0xF0, 0x00, 0x7F, 0xF8, 0x00, 0x3F, 0xFC, 0x00, 0x1F, 0xFE, 0x00, 0x0F,
  0xFF, 0x00, 0x07, 0xFF, 0x80, 0x03, 0xFF, 0xC0, 0x01, 0xFF, 0xE0, 0x00,
  0xFF, 0xF0, 0x00, 0xFF, 0xF8, 0x3F, 0xFF, 0xF8, 0x1F, 0xFF, 0xFC, 0x0F,
  0xFF, 0xFE, 0x07, 0xFF, 0xFF, 0x03, 0xFF, 0xFF, 0x01, 0xFF, 0xFF, 0x00,
  0xFF, 0xFF, 0x00, 0x7F, 0xFF, 0x00, 0x3F, 0xFE, 0x00, 0x1F, 0xF8, 0x00,
  0x00, 0x00, 0x00, 0x00, 0x08, 0x00, 0x00, 0x00, 0x00, 0x38, 0x00, 0x3F,
  0x80, 0x01, 0xF8, 0x0F, 0xFF, 0x00, 0x0F, 0xF0, 0xFF, 0xFE, 0x00, 0x7F,
  0x8F, 0xFF, 0xFC, 0x07, 0xFC, 0x7F, 0xFF, 0xF0, 0x7F, 0xE7, 0xFF, 0xFF,
  0xFF, 0xFF, 0x3F, 0xFF, 0xFF, 0xFF, 0xFB, 0xFF, 0xFF, 0xFF, 0xFF, 0x9F,
  0xFF, 0xFF, 0xFF, 0xFC, 0xFF, 0xFF, 0xFF, 0xFF, 0xE7, 0xFC, 0x0F, 0xFF,
  0xFE, 0x7F, 0xC0, 0x3F, 0xFF, 0xF3, 0xFE, 0x00, 0x7F, 0xFF, 0x1F, 0xF0,
  0x00, 0xFF, 0xE0, 0x1F, 0x80, 0x01, 0xFC, 0x00, 0x1C, 0x00, 0x00, 0x00,
  0x00, 0x20, 0x00, 0x00, 0x00 };

const GFXglyph AtkinsonHyperlegible_Bold42pt7bGlyphs[] PROGMEM = {
  {     0,   1,   1,  26,    0,    0 },   // 0x20 ' '
  {     1,  16,  56,  23,    4,  -54 },   // 0x21 '!'
  {   113,  27,  19,  34,    3,  -54 },   // 0x22 '"'
  {   178,  60,  55,  64,    2,  -54 },   // 0x23 '#'
  {   591,  47,  69,  51,    2,  -61 },   // 0x24 '$'
  {   997,  76,  57,  80,    2,  -55 },   // 0x25 '%'
  {  1539,  55,  59,  58,    2,  -57 },   // 0x26 '&'
  {  1945,  12,  19,  18,    3,  -54 },   // 0x27 '''
  {  1974,  24,  68,  30,    3,  -54 },   // 0x28 '('
  {  2178,  24,  68,  30,    3,  -54 },   // 0x29 ')'
  {  2382,  27,  26,  36,    4,  -54 },   // 0x2A '*'
  {  2470,  42,  41,  51,    4,  -40 },   // 0x2B '+'
  {  2686,  16,  27,  20,    2,  -14 },   // 0x2C ','
  {  2740,  27,  11,  31,    2,  -25 },   // 0x2D '-'
  {  2778,  16,  16,  20,    2,  -14 },   // 0x2E '.'
  {  2810,  34,  55,  36,    1,  -54 },   // 0x2F '/'
  {  3044,  47,  57,  53,    4,  -55 },   // 0x30 '0'
  {  3379,  25,  55,  37,    4,  -54 },   // 0x31 '1'
  {  3551,  42,  56,  48,    3,  -55 },   // 0x32 '2'
  {  3845,  42,  57,  50,    3,  -55 },   // 0x33 '3'
  {  4145,  47,  55,  51,    2,  -54 },   // 0x34 '4'
  {  4469,  43,  56,  50,    3,  -54 },   // 0x35 '5'
  {  4770,  43,  57,  52,    4,  -55 },   // 0x36 '6'
  {  5077,  41,  55,  45,    1,  -54 },   // 0x37 '7'
  {  5359,  45,  57,  51,    3,  -55 },   // 0x38 '8'
  {  5680,  39,  56,  46,    3,  -55 },   // 0x39 '9'
  {  5953,  16,  43,  20,    2,  -41 },   // 0x3A ':'
  {  6039,  16,  54,  20,    2,  -41 },   // 0x3B ';'
  {  6147,  41,  43,  47,    3,  -41 },   // 0x3C '<'
  {  6368,  42,  26,  51,    4,  -33 },   // 0x3D '='
  {  6505,  41,  43,  47,    3,  -41 },   // 0x3E '>'
  {  6726,  43,  57,  50,    3,  -55 },   // 0x3F '?'
  {  7033,  56,  57,  62,    3,  -55 },   // 0x40 '@'
  {  7432,  56,  55,  57,    0,  -54 },   // 0x41 'A'
  {  7817,  47,  55,  52,    4,  -54 },   // 0x42 'B'
  {  8141,  50,  57,  55,    3,  -55 },   // 0x43 'C'
  {  8498,  49,  55,  56,    4,  -54 },   // 0x44 'D'
  {  8835,  42,  55,  48,    4,  -54 },   // 0x45 'E'
  {  9124,  39,  55,  45,    4,  -54 },   // 0x46 'F'
  {  9393,  53,  57,  59,    3,  -55 },   // 0x47 'G'
  {  9771,  48,  55,  56,    4,  -54 },   // 0x48 'H'
  { 10101,  28,  55,  38,    5,  -54 },   // 0x49 'I'
  { 10294,  42,  56,  46,    0,  -54 },   // 0x4A 'J'
  { 10588,  49,  55,  54,    4,  -54 },   // 0x4B 'K'
  { 10925,  39,  55,  44,    4,  -54 },   // 0x4C 'L'
  { 11194,  61,  55,  69,    4,  -54 },   // 0x4D 'M'
  { 11614,  50,  55,  57,    4,  -54 },   // 0x4E 'N'
  { 11958,  57,  57,  63,    3,  -55 },   // 0x4F 'O'
  { 12365,  46,  55,  51,    4,  -54 },   // 0x50 'P'
  { 12682,  61,  60,  64,    3,  -55 },   // 0x51 'Q'
  { 13140,  48,  55,  54,    4,  -54 },   // 0x52 'R'
  { 13470,  47,  57,  51,    2,  -55 },   // 0x53 'S'
  { 13805,  48,  55,  51,    1,  -54 },   // 0x54 'T'
  { 14135,  47,  56,  54,    4,  -54 },   // 0x55 'U'
  { 14464,  52,  55,  54,    1,  -54 },   // 0x56 'V'
  { 14822,  71,  55,  72,    1,  -54 },   // 0x57 'W'
  { 15311,  56,  55,  57,    1,  -54 },   // 0x58 'X'
  { 15696,  55,  55,  56,    1,  -54 },   // 0x59 'Y'
  { 16075,  45,  55,  51,    3,  -54 },   // 0x5A 'Z'
  { 16385,  21,  68,  27,    4,  -54 },   // 0x5B '['
  { 16564,  34,  55,  36,    1,  -54 },   // 0x5C '\'
  { 16798,  21,  68,  27,    3,  -54 },   // 0x5D ']'
  { 16977,  40,  30,  48,    4,  -55 },   // 0x5E '^'
  { 17127,  33,  11,  35,    1,    1 },   // 0x5F '_'
  { 17173,  17,  13,  26,    4,  -59 },   // 0x60 '`'
  { 17201,  41,  43,  45,    2,  -41 },   // 0x61 'a'
  { 17422,  43,  56,  49,    4,  -54 },   // 0x62 'b'
  { 17723,  39,  43,  43,    2,  -41 },   // 0x63 'c'
  { 17933,  44,  56,  49,    2,  -54 },   // 0x64 'd'
  { 18241,  43,  43,  46,    2,  -41 },   // 0x65 'e'
  { 18473,  28,  60,  30,    0,  -59 },   // 0x66 'f'
  { 18683,  43,  59,  49,    2,  -41 },   // 0x67 'g'
  { 19001,  39,  55,  47,    4,  -54 },   // 0x68 'h'
  { 19270,  21,  62,  26,    2,  -61 },   // 0x69 'i'
  { 19433,  24,  76,  21,   -6,  -62 },   // 0x6A 'j'
  { 19661,  42,  55,  47,    4,  -54 },   // 0x6B 'k'
  { 19950,  22,  55,  26,    4,  -54 },   // 0x6C 'l'
  { 20102,  65,  42,  73,    4,  -41 },   // 0x6D 'm'
  { 20444,  39,  42,  47,    4,  -41 },   // 0x6E 'n'
  { 20649,  43,  43,  47,    2,  -41 },   // 0x6F 'o'
  { 20881,  43,  55,  49,    4,  -41 },   // 0x70 'p'
  { 21177,  53,  56,  49,    2,  -41 },   // 0x71 'q'
  { 21548,  25,  42,  31,    4,  -41 },   // 0x72 'r'
  { 21680,  40,  43,  44,    2,  -41 },   // 0x73 's'
  { 21895,  28,  51,  31,    1,  -50 },   // 0x74 't'
  { 22074,  39,  42,  47,    4,  -40 },   // 0x75 'u'
  { 22279,  43,  41,  43,    0,  -40 },   // 0x76 'v'
  { 22500,  59,  41,  59,    0,  -40 },   // 0x77 'w'
  { 22803,  44,  41,  44,    0,  -40 },   // 0x78 'x'
  { 23029,  42,  54,  42,    0,  -40 },   // 0x79 'y'
  { 23313,  39,  41,  42,    2,  -40 },   // 0x7A 'z'
  { 23513,  26,  68,  30,    2,  -54 },   // 0x7B '{'
  { 23734,  12,  68,  19,    4,  -54 },   // 0x7C '|'
  { 23836,  25,  68,  30,    3,  -54 },   // 0x7D '}'
  { 24049,  37,  19,  44,    3,  -30 } }; // 0x7E '~'

const GFXfont AtkinsonHyperlegible_Bold42pt7b PROGMEM = {
  (uint8_t  *)AtkinsonHyperlegible_Bold42pt7bBitmaps,
  (GFXglyph *)AtkinsonHyperlegible_Bold42pt7bGlyphs,
  0x20, 0x7E, 102 };

// Approx. 24809 bytes
